ctime,datname,pid,usesysid,usename,application_name,client_addr,client_port,backend_start,xact_start,query_start,waiting,query,state,state_change
1430498340.75077,dbt2,21603,10,mark,dbt2-client,,-1,2015-05-01 17:38:59.330668+01,,2015-05-01 17:39:00.74309+01,f,COMMIT,idle,2015-05-01 17:39:00.745422+01
1430498340.75077,dbt2,21606,10,mark,dbt2-client,,-1,2015-05-01 17:38:59.429215+01,2015-05-01 17:39:00.747491+01,2015-05-01 17:39:00.747521+01,f,"SELECT payment(1, 9, 2048, 1, 9, '', 4783.010000)",idle in transaction,2015-05-01 17:39:00.751998+01
1430498340.75077,dbt2,21608,10,mark,dbt2-client,,-1,2015-05-01 17:38:59.529423+01,,2015-05-01 17:39:00.748931+01,f,COMMIT,idle,2015-05-01 17:39:00.751507+01
1430498340.75077,dbt2,21610,10,mark,dbt2-client,,-1,2015-05-01 17:38:59.629535+01,,2015-05-01 17:39:00.718087+01,f,COMMIT,idle,2015-05-01 17:39:00.719316+01
1430498340.75077,dbt2,21612,10,mark,dbt2-client,,-1,2015-05-01 17:38:59.729654+01,,2015-05-01 17:39:00.737052+01,f,COMMIT,idle,2015-05-01 17:39:00.738691+01
1430498340.75077,dbt2,21614,10,mark,dbt2-client,,-1,2015-05-01 17:38:59.829736+01,,2015-05-01 17:39:00.717556+01,f,COMMIT,idle,2015-05-01 17:39:00.718048+01
1430498340.75077,dbt2,21616,10,mark,dbt2-client,,-1,2015-05-01 17:38:59.929921+01,,2015-05-01 17:39:00.739719+01,f,COMMIT,idle,2015-05-01 17:39:00.74132+01
1430498340.75077,dbt2,21618,10,mark,dbt2-client,,-1,2015-05-01 17:39:00.030066+01,,2015-05-01 17:39:00.696845+01,f,COMMIT,idle,2015-05-01 17:39:00.706092+01
1430498340.75077,dbt2,21620,10,mark,dbt2-client,,-1,2015-05-01 17:39:00.130175+01,,2015-05-01 17:39:00.713044+01,f,COMMIT,idle,2015-05-01 17:39:00.718075+01
1430498340.75077,dbt2,21622,10,mark,dbt2-client,,-1,2015-05-01 17:39:00.230252+01,,2015-05-01 17:39:00.748839+01,f,COMMIT,idle,2015-05-01 17:39:00.749992+01
1430498340.75077,dbt2,21624,10,mark,dbt2-client,,-1,2015-05-01 17:39:00.330401+01,,2015-05-01 17:39:00.712271+01,f,COMMIT,idle,2015-05-01 17:39:00.715132+01
1430498340.75077,dbt2,21759,10,mark,psql,,-1,2015-05-01 17:39:00.74949+01,2015-05-01 17:39:00.750773+01,2015-05-01 17:39:00.750773+01,f,"COPY (SELECT EXTRACT(EPOCH FROM TRANSACTION_TIMESTAMP()) AS ctime, datname, pid, usesysid, usename, application_name, client_addr, client_port, backend_start, xact_start, query_start, waiting, query , state, state_change FROM pg_stat_activity) TO STDOUT (FORMAT CSV, HEADER);",active,2015-05-01 17:39:00.750777+01
1430498340.75077,dbt2,21678,10,mark,dbt2-client,,-1,2015-05-01 17:39:00.430469+01,2015-05-01 17:39:00.752255+01,2015-05-01 17:39:00.752255+01,f,BEGIN,active,2015-05-01 17:39:00.752256+01
1430498340.75077,dbt2,21682,10,mark,dbt2-client,,-1,2015-05-01 17:39:00.530572+01,2015-05-01 17:39:00.752037+01,2015-05-01 17:39:00.752067+01,f,"DECLARE mycursor CURSOR FOR SELECT new_order(2, 5, 1402, 1, 14, make_new_order_info(94204, 2, 4), make_new_order_info(57344, 2, 10), make_new_order_info(93352, 2, 8), make_new_order_info(49024, 2, 1), make_new_order_info(27390, 2, 3), make_new_order_info(22656, 2, 9), make_new_order_info(45011, 2, 5), make_new_order_info(8191, 2, 6), make_new_order_info(79840, 2, 6), make_new_order_info(52216, 2, 4), make_new_order_info(73119, 2, 5), make_new_order_info(6144, 2, 2), make_new_order_info(87886, 2, 4), make_new_order_info(40636, 2, 4), make_new_order_info(0, 0, 0) )",idle in transaction,2015-05-01 17:39:00.752218+01
1430498340.75077,dbt2,21720,10,mark,dbt2-client,,-1,2015-05-01 17:39:00.631613+01,,2015-05-01 17:39:00.730579+01,f,COMMIT,idle,2015-05-01 17:39:00.736251+01
1430498340.75077,dbt2,21758,10,mark,dbt2-client,,-1,2015-05-01 17:39:00.750211+01,,,f,"",idle,2015-05-01 17:39:00.751442+01
1430498400.76188,dbt2,21603,10,mark,dbt2-client,,-1,2015-05-01 17:38:59.330668+01,2015-05-01 17:40:00.744277+01,2015-05-01 17:40:00.744302+01,t,"SELECT payment(1, 6, 988, 1, 6, '', 1708.960000)",active,2015-05-01 17:40:00.744302+01
1430498400.76188,dbt2,21606,10,mark,dbt2-client,,-1,2015-05-01 17:38:59.429215+01,2015-05-01 17:40:00.726336+01,2015-05-01 17:40:00.726361+01,f,"SELECT payment(1, 5, 0, 1, 5, 'BARABLEOUGHT', 1811.980000)",idle in transaction,2015-05-01 17:40:00.761953+01
1430498400.76188,dbt2,21608,10,mark,dbt2-client,,-1,2015-05-01 17:38:59.529423+01,2015-05-01 17:40:00.747221+01,2015-05-01 17:40:00.747244+01,t,"SELECT payment(2, 1, 0, 1, 2, 'EINGEINGEING', 2551.630000)",active,2015-05-01 17:40:00.747244+01
1430498400.76188,dbt2,21610,10,mark,dbt2-client,,-1,2015-05-01 17:38:59.629535+01,2015-05-01 17:40:00.75597+01,2015-05-01 17:40:00.758765+01,t,"SELECT payment(2, 7, 0, 2, 7, 'ABLEABLEABLE', 1665.860000)",active,2015-05-01 17:40:00.758766+01
1430498400.76188,dbt2,21612,10,mark,dbt2-client,,-1,2015-05-01 17:38:59.729654+01,2015-05-01 17:40:00.722446+01,2015-05-01 17:40:00.722705+01,t,"SELECT payment(1, 6, 0, 1, 6, 'OUGHTEINGOUGHT', 2989.030000)",active,2015-05-01 17:40:00.722706+01
1430498400.76188,dbt2,21614,10,mark,dbt2-client,,-1,2015-05-01 17:38:59.829736+01,2015-05-01 17:40:00.73288+01,2015-05-01 17:40:00.733037+01,f,"SELECT payment(2, 1, 8, 2, 1, '', 4827.750000)",idle in transaction,2015-05-01 17:40:00.761185+01
1430498400.76188,dbt2,21616,10,mark,dbt2-client,,-1,2015-05-01 17:38:59.929921+01,2015-05-01 17:40:00.761381+01,2015-05-01 17:40:00.762016+01,f,FETCH ALL IN mycursor,active,2015-05-01 17:40:00.762017+01
1430498400.76188,dbt2,21618,10,mark,dbt2-client,,-1,2015-05-01 17:39:00.030066+01,,2015-05-01 17:40:00.760198+01,f,COMMIT,idle,2015-05-01 17:40:00.761664+01
1430498400.76188,dbt2,21620,10,mark,dbt2-client,,-1,2015-05-01 17:39:00.130175+01,2015-05-01 17:40:00.751783+01,2015-05-01 17:40:00.752261+01,t,"SELECT payment(1, 3, 2336, 1, 3, '', 3051.570000)",active,2015-05-01 17:40:00.752262+01
1430498400.76188,dbt2,21622,10,mark,dbt2-client,,-1,2015-05-01 17:39:00.230252+01,2015-05-01 17:40:00.74051+01,2015-05-01 17:40:00.740536+01,t,"SELECT payment(1, 5, 1662, 1, 5, '', 4442.800000)",active,2015-05-01 17:40:00.740536+01
1430498400.76188,dbt2,21624,10,mark,dbt2-client,,-1,2015-05-01 17:39:00.330401+01,2015-05-01 17:40:00.719665+01,2015-05-01 17:40:00.719684+01,t,"SELECT payment(2, 1, 1019, 2, 1, '', 1927.840000)",active,2015-05-01 17:40:00.719685+01
1430498400.76188,dbt2,21763,10,mark,dbt2-client,,-1,2015-05-01 17:39:00.83282+01,2015-05-01 17:40:00.74935+01,2015-05-01 17:40:00.749374+01,t,"SELECT payment(2, 1, 0, 2, 1, 'CALLYANTICALLY', 3842.330000)",active,2015-05-01 17:40:00.749375+01
1430498400.76188,dbt2,21678,10,mark,dbt2-client,,-1,2015-05-01 17:39:00.430469+01,2015-05-01 17:40:00.761397+01,2015-05-01 17:40:00.761429+01,t,"SELECT payment(2, 8, 0, 1, 3, 'BARBARCALLY', 4055.030000)",active,2015-05-01 17:40:00.761429+01
1430498400.76188,dbt2,21682,10,mark,dbt2-client,,-1,2015-05-01 17:39:00.530572+01,,2015-05-01 17:40:00.76029+01,f,COMMIT,idle,2015-05-01 17:40:00.761678+01
1430498400.76188,dbt2,21720,10,mark,dbt2-client,,-1,2015-05-01 17:39:00.631613+01,2015-05-01 17:40:00.745179+01,2015-05-01 17:40:00.745211+01,t,"SELECT payment(2, 4, 0, 2, 4, 'ANTIEINGEING', 1524.480000)",active,2015-05-01 17:40:00.745212+01
1430498400.76188,dbt2,21758,10,mark,dbt2-client,,-1,2015-05-01 17:39:00.750211+01,,2015-05-01 17:40:00.760281+01,f,COMMIT,idle,2015-05-01 17:40:00.761641+01
1430498400.76188,dbt2,21767,10,mark,dbt2-client,,-1,2015-05-01 17:39:00.932492+01,2015-05-01 17:40:00.73934+01,2015-05-01 17:40:00.73953+01,t,"SELECT payment(2, 9, 0, 2, 9, 'BARBARCALLY', 2533.330000)",active,2015-05-01 17:40:00.739531+01
1430498400.76188,dbt2,21771,10,mark,dbt2-client,,-1,2015-05-01 17:39:01.032359+01,2015-05-01 17:40:00.732822+01,2015-05-01 17:40:00.733147+01,t,"SELECT payment(1, 1, 65, 1, 1, '', 1926.980000)",active,2015-05-01 17:40:00.733147+01
1430498400.76188,dbt2,21775,10,mark,dbt2-client,,-1,2015-05-01 17:39:01.134505+01,2015-05-01 17:40:00.747427+01,2015-05-01 17:40:00.747476+01,t,"SELECT payment(1, 6, 0, 1, 6, 'BARABLEOUGHT', 3869.120000)",active,2015-05-01 17:40:00.747476+01
1430498400.76188,dbt2,21779,10,mark,dbt2-client,,-1,2015-05-01 17:39:01.237308+01,2015-05-01 17:40:00.751879+01,2015-05-01 17:40:00.751921+01,t,"SELECT payment(2, 1, 0, 2, 1, 'BAROUGHTABLE', 3659.580000)",active,2015-05-01 17:40:00.751922+01
1430498400.76188,dbt2,21830,10,mark,psql,,-1,2015-05-01 17:40:00.759619+01,,,f,"",idle,2015-05-01 17:40:00.760825+01
1430498400.76188,dbt2,21833,10,mark,psql,,-1,2015-05-01 17:40:00.760367+01,2015-05-01 17:40:00.761878+01,2015-05-01 17:40:00.761878+01,f,"COPY (SELECT EXTRACT(EPOCH FROM TRANSACTION_TIMESTAMP()) AS ctime, datname, pid, usesysid, usename, application_name, client_addr, client_port, backend_start, xact_start, query_start, waiting, query , state, state_change FROM pg_stat_activity) TO STDOUT (FORMAT CSV);",active,2015-05-01 17:40:00.761884+01
1430498400.76188,dbt2,21831,10,mark,psql,,-1,2015-05-01 17:40:00.747944+01,,2015-05-01 17:40:00.749514+01,f,"COPY (SELECT EXTRACT(EPOCH FROM TRANSACTION_TIMESTAMP()) AS ctime, a.schemaname, a.relname, seq_scan, seq_tup_read, idx_scan, idx_tup_fetch, n_tup_ins, n_tup_upd, n_tup_del, n_tup_hot_upd, n_live_tup, n_dead_tup, heap_blks_read, heap_blks_hit, idx_blks_read, idx_blks_hit, toast_blks_read, toast_blks_hit, tidx_blks_read, tidx_blks_hit FROM pg_statio_all_tables a, pg_stat_all_tables b WHERE a.relid = b.relid) TO STDOUT (FORMAT CSV);",idle,2015-05-01 17:40:00.756654+01
1430498460.75186,dbt2,21603,10,mark,dbt2-client,,-1,2015-05-01 17:38:59.330668+01,2015-05-01 17:41:00.712089+01,2015-05-01 17:41:00.712123+01,t,"SELECT payment(1, 6, 26, 1, 6, '', 423.600000)",active,2015-05-01 17:41:00.712124+01
1430498460.75186,dbt2,21606,10,mark,dbt2-client,,-1,2015-05-01 17:38:59.429215+01,2015-05-01 17:41:00.751888+01,2015-05-01 17:41:00.75212+01,t,"SELECT payment(2, 4, 1775, 2, 4, '', 3945.780000)",active,2015-05-01 17:41:00.75212+01
1430498460.75186,dbt2,21608,10,mark,dbt2-client,,-1,2015-05-01 17:38:59.529423+01,2015-05-01 17:41:00.744787+01,2015-05-01 17:41:00.744888+01,t,"SELECT payment(1, 8, 0, 1, 8, 'ATIONABLECALLY', 4782.980000)",active,2015-05-01 17:41:00.744889+01
1430498460.75186,dbt2,21610,10,mark,dbt2-client,,-1,2015-05-01 17:38:59.629535+01,2015-05-01 17:41:00.715085+01,2015-05-01 17:41:00.715137+01,t,"SELECT payment(1, 1, 0, 1, 1, 'ESEEINGEING', 4201.620000)",active,2015-05-01 17:41:00.715137+01
1430498460.75186,dbt2,21612,10,mark,dbt2-client,,-1,2015-05-01 17:38:59.729654+01,2015-05-01 17:41:00.739616+01,2015-05-01 17:41:00.742254+01,f,"SELECT delivery(2, 8)",idle in transaction,2015-05-01 17:41:00.747553+01
1430498460.75186,dbt2,21614,10,mark,dbt2-client,,-1,2015-05-01 17:38:59.829736+01,2015-05-01 17:41:00.751551+01,2015-05-01 17:41:00.752247+01,f,FETCH ALL IN mycursor,idle in transaction,2015-05-01 17:41:00.75308+01
1430498460.75186,dbt2,21616,10,mark,dbt2-client,,-1,2015-05-01 17:38:59.929921+01,2015-05-01 17:41:00.744817+01,2015-05-01 17:41:00.750182+01,f,COMMIT,active,2015-05-01 17:41:00.750182+01
1430498460.75186,dbt2,21618,10,mark,dbt2-client,,-1,2015-05-01 17:39:00.030066+01,2015-05-01 17:41:00.736987+01,2015-05-01 17:41:00.737009+01,t,"SELECT payment(2, 7, 1012, 2, 7, '', 1858.180000)",active,2015-05-01 17:41:00.737009+01
1430498460.75186,dbt2,21620,10,mark,dbt2-client,,-1,2015-05-01 17:39:00.130175+01,2015-05-01 17:41:00.731725+01,2015-05-01 17:41:00.748523+01,f,COMMIT,active,2015-05-01 17:41:00.748524+01
1430498460.75186,dbt2,21622,10,mark,dbt2-client,,-1,2015-05-01 17:39:00.230252+01,2015-05-01 17:41:00.708245+01,2015-05-01 17:41:00.708265+01,t,"SELECT payment(2, 6, 2047, 2, 6, '', 2010.250000)",active,2015-05-01 17:41:00.708265+01
1430498460.75186,dbt2,21624,10,mark,dbt2-client,,-1,2015-05-01 17:39:00.330401+01,2015-05-01 17:41:00.714393+01,2015-05-01 17:41:00.714414+01,t,"SELECT payment(1, 9, 1919, 1, 9, '', 810.160000)",active,2015-05-01 17:41:00.714414+01
1430498460.75186,dbt2,21763,10,mark,dbt2-client,,-1,2015-05-01 17:39:00.83282+01,2015-05-01 17:41:00.71306+01,2015-05-01 17:41:00.713227+01,t,"SELECT payment(1, 8, 1951, 1, 8, '', 985.320000)",active,2015-05-01 17:41:00.713228+01
1430498460.75186,dbt2,21678,10,mark,dbt2-client,,-1,2015-05-01 17:39:00.430469+01,2015-05-01 17:41:00.749276+01,2015-05-01 17:41:00.749314+01,t,"SELECT payment(2, 4, 2015, 2, 4, '', 3943.120000)",active,2015-05-01 17:41:00.749315+01
1430498460.75186,dbt2,21682,10,mark,dbt2-client,,-1,2015-05-01 17:39:00.530572+01,2015-05-01 17:41:00.751834+01,2015-05-01 17:41:00.752016+01,f,"DECLARE mycursor CURSOR FOR SELECT new_order(1, 2, 712, 1, 15, make_new_order_info(48799, 1, 7), make_new_order_info(23541, 1, 8), make_new_order_info(73712, 1, 3), make_new_order_info(38318, 1, 6), make_new_order_info(85438, 1, 3), make_new_order_info(97870, 1, 9), make_new_order_info(2007, 1, 3), make_new_order_info(7400, 1, 2), make_new_order_info(53100, 1, 2), make_new_order_info(60360, 1, 6), make_new_order_info(16380, 1, 6), make_new_order_info(65456, 1, 6), make_new_order_info(31744, 1, 9), make_new_order_info(93184, 1, 7), make_new_order_info(98072, 1, 8) )",idle in transaction,2015-05-01 17:41:00.752114+01
1430498460.75186,dbt2,21720,10,mark,dbt2-client,,-1,2015-05-01 17:39:00.631613+01,2015-05-01 17:41:00.75185+01,2015-05-01 17:41:00.75309+01,f,FETCH ALL IN mycursor,active,2015-05-01 17:41:00.75309+01
1430498460.75186,dbt2,21758,10,mark,dbt2-client,,-1,2015-05-01 17:39:00.750211+01,2015-05-01 17:41:00.724138+01,2015-05-01 17:41:00.724174+01,t,"SELECT payment(2, 2, 1984, 2, 2, '', 623.900000)",active,2015-05-01 17:41:00.724174+01
1430498460.75186,dbt2,21767,10,mark,dbt2-client,,-1,2015-05-01 17:39:00.932492+01,2015-05-01 17:41:00.731972+01,2015-05-01 17:41:00.732263+01,t,"SELECT payment(1, 8, 2150, 1, 8, '', 2777.090000)",active,2015-05-01 17:41:00.732264+01
1430498460.75186,dbt2,21771,10,mark,dbt2-client,,-1,2015-05-01 17:39:01.032359+01,2015-05-01 17:41:00.728985+01,2015-05-01 17:41:00.729009+01,t,"SELECT payment(2, 9, 0, 2, 9, 'ABLEESEESE', 3369.640000)",active,2015-05-01 17:41:00.729009+01
1430498460.75186,dbt2,21775,10,mark,dbt2-client,,-1,2015-05-01 17:39:01.134505+01,2015-05-01 17:41:00.744865+01,2015-05-01 17:41:00.745009+01,t,"SELECT payment(2, 10, 468, 2, 10, '', 4914.610000)",active,2015-05-01 17:41:00.74501+01
1430498460.75186,dbt2,21779,10,mark,dbt2-client,,-1,2015-05-01 17:39:01.237308+01,2015-05-01 17:41:00.718458+01,2015-05-01 17:41:00.719005+01,t,"SELECT payment(2, 1, 6, 1, 4, '', 4566.500000)",active,2015-05-01 17:41:00.719005+01
1430498460.75186,dbt2,21858,10,mark,psql,,-1,2015-05-01 17:41:00.743176+01,2015-05-01 17:41:00.750197+01,2015-05-01 17:41:00.750197+01,f,"COPY (SELECT EXTRACT(EPOCH FROM TRANSACTION_TIMESTAMP()) AS ctime, datname, numbackends, xact_commit, xact_rollback, blks_read, blks_hit, tup_returned, tup_fetched, tup_inserted, tup_updated, tup_deleted FROM pg_stat_database) TO STDOUT (FORMAT CSV);",active,2015-05-01 17:41:00.750208+01
1430498460.75186,dbt2,21859,10,mark,psql,,-1,2015-05-01 17:41:00.748609+01,2015-05-01 17:41:00.751861+01,2015-05-01 17:41:00.751861+01,f,"COPY (SELECT EXTRACT(EPOCH FROM TRANSACTION_TIMESTAMP()) AS ctime, datname, pid, usesysid, usename, application_name, client_addr, client_port, backend_start, xact_start, query_start, waiting, query , state, state_change FROM pg_stat_activity) TO STDOUT (FORMAT CSV);",active,2015-05-01 17:41:00.751868+01
1430498520.78746,dbt2,21603,10,mark,dbt2-client,,-1,2015-05-01 17:38:59.330668+01,2015-05-01 17:42:00.748871+01,2015-05-01 17:42:00.787408+01,f,COMMIT,active,2015-05-01 17:42:00.787409+01
1430498520.78746,dbt2,21606,10,mark,dbt2-client,,-1,2015-05-01 17:38:59.429215+01,,2015-05-01 17:42:00.787816+01,f,COMMIT,idle,2015-05-01 17:42:00.788755+01
1430498520.78746,dbt2,21608,10,mark,dbt2-client,,-1,2015-05-01 17:38:59.529423+01,,2015-05-01 17:42:00.787875+01,f,COMMIT,idle,2015-05-01 17:42:00.788785+01
1430498520.78746,dbt2,21610,10,mark,dbt2-client,,-1,2015-05-01 17:38:59.629535+01,2015-05-01 17:42:00.763294+01,2015-05-01 17:42:00.763365+01,t,"SELECT payment(2, 10, 0, 2, 10, 'PRESCALLYOUGHT', 2031.480000)",active,2015-05-01 17:42:00.763365+01
1430498520.78746,dbt2,21612,10,mark,dbt2-client,,-1,2015-05-01 17:38:59.729654+01,2015-05-01 17:42:00.748855+01,2015-05-01 17:42:00.749167+01,t,"SELECT payment(1, 5, 0, 1, 5, 'CALLYANTIANTI', 4328.750000)",active,2015-05-01 17:42:00.749168+01
1430498520.78746,dbt2,21614,10,mark,dbt2-client,,-1,2015-05-01 17:38:59.829736+01,2015-05-01 17:42:00.763659+01,2015-05-01 17:42:00.763722+01,t,"SELECT payment(2, 3, 0, 2, 3, 'ANTIOUGHTOUGHT', 527.070000)",active,2015-05-01 17:42:00.763723+01
1430498520.78746,dbt2,21616,10,mark,dbt2-client,,-1,2015-05-01 17:38:59.929921+01,2015-05-01 17:42:00.764514+01,2015-05-01 17:42:00.764535+01,t,"SELECT payment(1, 5, 0, 1, 5, 'OUGHTATIONEING', 1462.550000)",active,2015-05-01 17:42:00.764535+01
1430498520.78746,dbt2,21618,10,mark,dbt2-client,,-1,2015-05-01 17:39:00.030066+01,,2015-05-01 17:42:00.787849+01,f,COMMIT,idle,2015-05-01 17:42:00.788772+01
1430498520.78746,dbt2,21620,10,mark,dbt2-client,,-1,2015-05-01 17:39:00.130175+01,,2015-05-01 17:42:00.787322+01,f,COMMIT,idle,2015-05-01 17:42:00.788365+01
1430498520.78746,dbt2,21622,10,mark,dbt2-client,,-1,2015-05-01 17:39:00.230252+01,2015-05-01 17:42:00.770167+01,2015-05-01 17:42:00.770197+01,t,"SELECT payment(2, 8, 2039, 2, 8, '', 3648.130000)",active,2015-05-01 17:42:00.770197+01
1430498520.78746,dbt2,21624,10,mark,dbt2-client,,-1,2015-05-01 17:39:00.330401+01,2015-05-01 17:42:00.755278+01,2015-05-01 17:42:00.755299+01,t,"SELECT payment(1, 5, 0, 1, 5, 'ABLEOUGHTESE', 646.370000)",active,2015-05-01 17:42:00.755299+01
1430498520.78746,dbt2,21763,10,mark,dbt2-client,,-1,2015-05-01 17:39:00.83282+01,2015-05-01 17:42:00.780444+01,2015-05-01 17:42:00.780468+01,t,"SELECT payment(2, 7, 1722, 2, 7, '', 484.460000)",active,2015-05-01 17:42:00.780468+01
1430498520.78746,dbt2,21678,10,mark,dbt2-client,,-1,2015-05-01 17:39:00.430469+01,2015-05-01 17:42:00.779893+01,2015-05-01 17:42:00.7803+01,t,"SELECT payment(2, 3, 1012, 2, 3, '', 84.930000)",active,2015-05-01 17:42:00.7803+01
1430498520.78746,dbt2,21682,10,mark,dbt2-client,,-1,2015-05-01 17:39:00.530572+01,2015-05-01 17:42:00.757454+01,2015-05-01 17:42:00.760063+01,f,"SELECT payment(2, 2, 512, 2, 2, '', 1380.530000)",idle in transaction,2015-05-01 17:42:00.788649+01
1430498520.78746,dbt2,21720,10,mark,dbt2-client,,-1,2015-05-01 17:39:00.631613+01,2015-05-01 17:42:00.732743+01,2015-05-01 17:42:00.732779+01,t,"SELECT payment(1, 2, 378, 1, 2, '', 4888.330000)",active,2015-05-01 17:42:00.73278+01
1430498520.78746,dbt2,21758,10,mark,dbt2-client,,-1,2015-05-01 17:39:00.750211+01,2015-05-01 17:42:00.784375+01,2015-05-01 17:42:00.786249+01,f,FETCH ALL IN mycursor,active,2015-05-01 17:42:00.78625+01
1430498520.78746,dbt2,21767,10,mark,dbt2-client,,-1,2015-05-01 17:39:00.932492+01,2015-05-01 17:42:00.782259+01,2015-05-01 17:42:00.782289+01,t,"SELECT payment(1, 3, 0, 1, 3, 'EINGABLECALLY', 3789.640000)",active,2015-05-01 17:42:00.782289+01
1430498520.78746,dbt2,21771,10,mark,dbt2-client,,-1,2015-05-01 17:39:01.032359+01,2015-05-01 17:42:00.746934+01,2015-05-01 17:42:00.746955+01,t,"SELECT payment(1, 7, 0, 1, 7, 'EINGABLECALLY', 2322.840000)",active,2015-05-01 17:42:00.746955+01
1430498520.78746,dbt2,21775,10,mark,dbt2-client,,-1,2015-05-01 17:39:01.134505+01,2015-05-01 17:42:00.784745+01,2015-05-01 17:42:00.787443+01,f,COMMIT,active,2015-05-01 17:42:00.787443+01
1430498520.78746,dbt2,21779,10,mark,dbt2-client,,-1,2015-05-01 17:39:01.237308+01,2015-05-01 17:42:00.721289+01,2015-05-01 17:42:00.721469+01,t,"SELECT payment(1, 9, 0, 1, 9, 'ABLEESEESE', 1380.000000)",active,2015-05-01 17:42:00.721469+01
1430498520.78746,dbt2,21887,10,mark,psql,,-1,2015-05-01 17:42:00.782182+01,2015-05-01 17:42:00.787455+01,2015-05-01 17:42:00.787455+01,f,"COPY (SELECT EXTRACT(EPOCH FROM TRANSACTION_TIMESTAMP()) AS ctime, datname, pid, usesysid, usename, application_name, client_addr, client_port, backend_start, xact_start, query_start, waiting, query , state, state_change FROM pg_stat_activity) TO STDOUT (FORMAT CSV);",active,2015-05-01 17:42:00.787462+01
1430498580.77063,dbt2,21603,10,mark,dbt2-client,,-1,2015-05-01 17:38:59.330668+01,2015-05-01 17:43:00.75637+01,2015-05-01 17:43:00.756448+01,t,"SELECT payment(2, 2, 0, 2, 2, 'ESEOUGHTBAR', 1558.330000)",active,2015-05-01 17:43:00.756449+01
1430498580.77063,dbt2,21606,10,mark,dbt2-client,,-1,2015-05-01 17:38:59.429215+01,2015-05-01 17:43:00.768856+01,2015-05-01 17:43:00.769086+01,t,"SELECT payment(1, 3, 884, 1, 3, '', 734.810000)",active,2015-05-01 17:43:00.769087+01
1430498580.77063,dbt2,21608,10,mark,dbt2-client,,-1,2015-05-01 17:38:59.529423+01,2015-05-01 17:43:00.758303+01,2015-05-01 17:43:00.758748+01,t,"SELECT payment(1, 1, 1514, 1, 9, '', 1213.950000)",active,2015-05-01 17:43:00.758748+01
1430498580.77063,dbt2,21610,10,mark,dbt2-client,,-1,2015-05-01 17:38:59.629535+01,2015-05-01 17:43:00.743312+01,2015-05-01 17:43:00.743345+01,t,"SELECT payment(1, 3, 0, 1, 3, 'PRICALLYESE', 1490.660000)",active,2015-05-01 17:43:00.743345+01
1430498580.77063,dbt2,21612,10,mark,dbt2-client,,-1,2015-05-01 17:38:59.729654+01,,2015-05-01 17:43:00.772189+01,f,COMMIT,idle,2015-05-01 17:43:00.772199+01
1430498580.77063,dbt2,21614,10,mark,dbt2-client,,-1,2015-05-01 17:38:59.829736+01,2015-05-01 17:43:00.748664+01,2015-05-01 17:43:00.750378+01,t,"SELECT payment(2, 4, 0, 2, 4, 'OUGHTEINGOUGHT', 4575.650000)",active,2015-05-01 17:43:00.750378+01
1430498580.77063,dbt2,21616,10,mark,dbt2-client,,-1,2015-05-01 17:38:59.929921+01,2015-05-01 17:43:00.767817+01,2015-05-01 17:43:00.772282+01,f,COMMIT,active,2015-05-01 17:43:00.772282+01
1430498580.77063,dbt2,21618,10,mark,dbt2-client,,-1,2015-05-01 17:39:00.030066+01,2015-05-01 17:43:00.751748+01,2015-05-01 17:43:00.751772+01,t,"SELECT payment(1, 9, 0, 1, 9, 'PRESATIONESE', 1571.420000)",active,2015-05-01 17:43:00.751772+01
1430498580.77063,dbt2,21620,10,mark,dbt2-client,,-1,2015-05-01 17:39:00.130175+01,2015-05-01 17:43:00.730859+01,2015-05-01 17:43:00.730883+01,t,"SELECT payment(2, 6, 2942, 2, 6, '', 1598.660000)",active,2015-05-01 17:43:00.730883+01
1430498580.77063,dbt2,21622,10,mark,dbt2-client,,-1,2015-05-01 17:39:00.230252+01,2015-05-01 17:43:00.767916+01,2015-05-01 17:43:00.772312+01,f,COMMIT,active,2015-05-01 17:43:00.772313+01
1430498580.77063,dbt2,21624,10,mark,dbt2-client,,-1,2015-05-01 17:39:00.330401+01,2015-05-01 17:43:00.756425+01,2015-05-01 17:43:00.756675+01,t,"SELECT payment(1, 7, 0, 1, 7, 'ABLEPRESANTI', 4655.930000)",active,2015-05-01 17:43:00.756676+01
1430498580.77063,dbt2,21763,10,mark,dbt2-client,,-1,2015-05-01 17:39:00.83282+01,2015-05-01 17:43:00.745508+01,2015-05-01 17:43:00.745663+01,t,"SELECT payment(2, 2, 0, 2, 2, 'PRESEINGEING', 3982.970000)",active,2015-05-01 17:43:00.745664+01
1430498580.77063,dbt2,21678,10,mark,dbt2-client,,-1,2015-05-01 17:39:00.430469+01,2015-05-01 17:43:00.768104+01,2015-05-01 17:43:00.768248+01,t,"SELECT payment(1, 7, 0, 1, 7, 'ABLEBARCALLY', 781.120000)",active,2015-05-01 17:43:00.768248+01
1430498580.77063,dbt2,21682,10,mark,dbt2-client,,-1,2015-05-01 17:39:00.530572+01,2015-05-01 17:43:00.76809+01,2015-05-01 17:43:00.772274+01,f,COMMIT,active,2015-05-01 17:43:00.772274+01
1430498580.77063,dbt2,21720,10,mark,dbt2-client,,-1,2015-05-01 17:39:00.631613+01,2015-05-01 17:43:00.726575+01,2015-05-01 17:43:00.772172+01,f,COMMIT,active,2015-05-01 17:43:00.772173+01
1430498580.77063,dbt2,21758,10,mark,dbt2-client,,-1,2015-05-01 17:39:00.750211+01,2015-05-01 17:43:00.741179+01,2015-05-01 17:43:00.741204+01,t,"SELECT payment(2, 5, 0, 2, 5, 'PRESPRESPRI', 446.450000)",active,2015-05-01 17:43:00.741204+01
1430498580.77063,dbt2,21767,10,mark,dbt2-client,,-1,2015-05-01 17:39:00.932492+01,2015-05-01 17:43:00.750333+01,2015-05-01 17:43:00.750655+01,t,"SELECT payment(2, 7, 0, 1, 2, 'BARESEPRI', 1523.330000)",active,2015-05-01 17:43:00.750656+01
1430498580.77063,dbt2,21771,10,mark,dbt2-client,,-1,2015-05-01 17:39:01.032359+01,2015-05-01 17:43:00.758876+01,2015-05-01 17:43:00.7589+01,t,"SELECT payment(1, 7, 0, 1, 7, 'ATIONPRESOUGHT', 3604.410000)",active,2015-05-01 17:43:00.7589+01
1430498580.77063,dbt2,21775,10,mark,dbt2-client,,-1,2015-05-01 17:39:01.134505+01,2015-05-01 17:43:00.756437+01,2015-05-01 17:43:00.756579+01,t,"SELECT payment(1, 7, 0, 1, 7, 'PRESPRIEING', 4895.060000)",active,2015-05-01 17:43:00.75658+01
1430498580.77063,dbt2,21779,10,mark,dbt2-client,,-1,2015-05-01 17:39:01.237308+01,2015-05-01 17:43:00.733078+01,2015-05-01 17:43:00.770511+01,f,COMMIT,active,2015-05-01 17:43:00.770512+01
1430498580.77063,dbt2,21914,10,mark,psql,,-1,2015-05-01 17:43:00.765479+01,,,f,"",idle,2015-05-01 17:43:00.766993+01
1430498580.77063,dbt2,21915,10,mark,psql,,-1,2015-05-01 17:43:00.767446+01,2015-05-01 17:43:00.770632+01,2015-05-01 17:43:00.770632+01,f,"COPY (SELECT EXTRACT(EPOCH FROM TRANSACTION_TIMESTAMP()) AS ctime, datname, pid, usesysid, usename, application_name, client_addr, client_port, backend_start, xact_start, query_start, waiting, query , state, state_change FROM pg_stat_activity) TO STDOUT (FORMAT CSV);",active,2015-05-01 17:43:00.770639+01
1430498580.77063,dbt2,21916,10,mark,psql,,-1,2015-05-01 17:43:00.769273+01,,,f,"",idle,2015-05-01 17:43:00.770502+01
1430498640.80247,dbt2,21603,10,mark,dbt2-client,,-1,2015-05-01 17:38:59.330668+01,2015-05-01 17:44:00.787901+01,2015-05-01 17:44:00.787927+01,t,"SELECT payment(2, 3, 2497, 2, 3, '', 2013.230000)",active,2015-05-01 17:44:00.787927+01
1430498640.80247,dbt2,21606,10,mark,dbt2-client,,-1,2015-05-01 17:38:59.429215+01,2015-05-01 17:44:00.79238+01,2015-05-01 17:44:00.792576+01,t,"SELECT payment(1, 9, 0, 1, 9, 'CALLYANTIPRES', 535.250000)",active,2015-05-01 17:44:00.792577+01
1430498640.80247,dbt2,21608,10,mark,dbt2-client,,-1,2015-05-01 17:38:59.529423+01,2015-05-01 17:44:00.799771+01,2015-05-01 17:44:00.799797+01,t,"SELECT payment(1, 5, 2044, 1, 5, '', 158.230000)",active,2015-05-01 17:44:00.799797+01
1430498640.80247,dbt2,21610,10,mark,dbt2-client,,-1,2015-05-01 17:38:59.629535+01,2015-05-01 17:44:00.75137+01,2015-05-01 17:44:00.751404+01,t,"SELECT payment(2, 1, 1472, 2, 1, '', 4813.090000)",active,2015-05-01 17:44:00.751404+01
1430498640.80247,dbt2,21612,10,mark,dbt2-client,,-1,2015-05-01 17:38:59.729654+01,2015-05-01 17:44:00.796576+01,2015-05-01 17:44:00.798571+01,f,FETCH ALL IN mycursor,idle in transaction,2015-05-01 17:44:00.800192+01
1430498640.80247,dbt2,21614,10,mark,dbt2-client,,-1,2015-05-01 17:38:59.829736+01,2015-05-01 17:44:00.788063+01,2015-05-01 17:44:00.788113+01,t,"SELECT payment(1, 1, 2032, 1, 1, '', 1126.040000)",active,2015-05-01 17:44:00.788114+01
1430498640.80247,dbt2,21616,10,mark,dbt2-client,,-1,2015-05-01 17:38:59.929921+01,2015-05-01 17:44:00.766736+01,2015-05-01 17:44:00.802427+01,f,COMMIT,active,2015-05-01 17:44:00.802427+01
1430498640.80247,dbt2,21618,10,mark,dbt2-client,,-1,2015-05-01 17:39:00.030066+01,2015-05-01 17:44:00.775925+01,2015-05-01 17:44:00.775966+01,t,"SELECT payment(1, 6, 0, 1, 6, 'OUGHTATIONPRI', 4192.120000)",active,2015-05-01 17:44:00.775967+01
1430498640.80247,dbt2,21620,10,mark,dbt2-client,,-1,2015-05-01 17:39:00.130175+01,2015-05-01 17:44:00.757939+01,2015-05-01 17:44:00.758015+01,t,"SELECT payment(1, 7, 0, 1, 7, 'ATIONABLEANTI', 3001.970000)",active,2015-05-01 17:44:00.758016+01
1430498640.80247,dbt2,21622,10,mark,dbt2-client,,-1,2015-05-01 17:39:00.230252+01,2015-05-01 17:44:00.782495+01,2015-05-01 17:44:00.78252+01,t,"SELECT payment(1, 3, 1911, 1, 8, '', 1454.870000)",active,2015-05-01 17:44:00.78252+01
1430498640.80247,dbt2,21624,10,mark,dbt2-client,,-1,2015-05-01 17:39:00.330401+01,2015-05-01 17:44:00.775894+01,2015-05-01 17:44:00.776187+01,t,"SELECT payment(1, 8, 1999, 1, 8, '', 1423.670000)",active,2015-05-01 17:44:00.776188+01
1430498640.80247,dbt2,21763,10,mark,dbt2-client,,-1,2015-05-01 17:39:00.83282+01,2015-05-01 17:44:00.797961+01,2015-05-01 17:44:00.799561+01,t,FETCH ALL IN mycursor,active,2015-05-01 17:44:00.799561+01
1430498640.80247,dbt2,21678,10,mark,dbt2-client,,-1,2015-05-01 17:39:00.430469+01,2015-05-01 17:44:00.782057+01,2015-05-01 17:44:00.782385+01,t,"SELECT payment(2, 5, 0, 2, 5, 'PRIATIONBAR', 4327.640000)",active,2015-05-01 17:44:00.782386+01
1430498640.80247,dbt2,21682,10,mark,dbt2-client,,-1,2015-05-01 17:39:00.530572+01,2015-05-01 17:44:00.789623+01,2015-05-01 17:44:00.800232+01,t,FETCH ALL IN mycursor,active,2015-05-01 17:44:00.800233+01
1430498640.80247,dbt2,21720,10,mark,dbt2-client,,-1,2015-05-01 17:39:00.631613+01,2015-05-01 17:44:00.798554+01,2015-05-01 17:44:00.802215+01,t,FETCH ALL IN mycursor,active,2015-05-01 17:44:00.802216+01
1430498640.80247,dbt2,21758,10,mark,dbt2-client,,-1,2015-05-01 17:39:00.750211+01,,2015-05-01 17:44:00.799912+01,f,COMMIT,idle,2015-05-01 17:44:00.800415+01
1430498640.80247,dbt2,21767,10,mark,dbt2-client,,-1,2015-05-01 17:39:00.932492+01,2015-05-01 17:44:00.762578+01,2015-05-01 17:44:00.762647+01,f,"SELECT payment(1, 5, 0, 1, 5, 'ATIONATIONCALLY', 4024.890000)",idle in transaction,2015-05-01 17:44:00.800736+01
1430498640.80247,dbt2,21771,10,mark,dbt2-client,,-1,2015-05-01 17:39:01.032359+01,,2015-05-01 17:44:00.800001+01,f,COMMIT,idle,2015-05-01 17:44:00.800862+01
1430498640.80247,dbt2,21775,10,mark,dbt2-client,,-1,2015-05-01 17:39:01.134505+01,2015-05-01 17:44:00.792434+01,2015-05-01 17:44:00.792698+01,t,"SELECT payment(2, 6, 0, 2, 6, 'CALLYANTIANTI', 3302.560000)",active,2015-05-01 17:44:00.792699+01
1430498640.80247,dbt2,21779,10,mark,dbt2-client,,-1,2015-05-01 17:39:01.237308+01,2015-05-01 17:44:00.796241+01,2015-05-01 17:44:00.796771+01,f,FETCH ALL IN mycursor,idle in transaction,2015-05-01 17:44:00.798295+01
1430498640.80247,dbt2,21944,10,mark,psql,,-1,2015-05-01 17:44:00.784142+01,,2015-05-01 17:44:00.800508+01,f,"COPY (SELECT EXTRACT(EPOCH FROM TRANSACTION_TIMESTAMP()) AS ctime, datname, numbackends, xact_commit, xact_rollback, blks_read, blks_hit, tup_returned, tup_fetched, tup_inserted, tup_updated, tup_deleted FROM pg_stat_database) TO STDOUT (FORMAT CSV);",idle,2015-05-01 17:44:00.802038+01
1430498640.80247,dbt2,21942,10,mark,psql,,-1,2015-05-01 17:44:00.7854+01,2015-05-01 17:44:00.786841+01,2015-05-01 17:44:00.786841+01,f,"COPY (SELECT EXTRACT(EPOCH FROM TRANSACTION_TIMESTAMP()) AS ctime, a.schemaname, a.relname, seq_scan, seq_tup_read, idx_scan, idx_tup_fetch, n_tup_ins, n_tup_upd, n_tup_del, n_tup_hot_upd, n_live_tup, n_dead_tup, heap_blks_read, heap_blks_hit, idx_blks_read, idx_blks_hit, toast_blks_read, toast_blks_hit, tidx_blks_read, tidx_blks_hit FROM pg_statio_all_tables a, pg_stat_all_tables b WHERE a.relid = b.relid) TO STDOUT (FORMAT CSV);",active,2015-05-01 17:44:00.786851+01
1430498640.80247,dbt2,21945,10,mark,psql,,-1,2015-05-01 17:44:00.785691+01,2015-05-01 17:44:00.789644+01,2015-05-01 17:44:00.789644+01,f,"COPY (SELECT EXTRACT(EPOCH FROM TRANSACTION_TIMESTAMP()) AS ctime, a.schemaname, a.relname, a.indexrelname, idx_scan, idx_tup_read, idx_tup_fetch, idx_blks_read, idx_blks_hit FROM pg_stat_all_indexes a, pg_statio_all_indexes b WHERE a.indexrelid = b.indexrelid) TO STDOUT (FORMAT CSV);",active,2015-05-01 17:44:00.789653+01
1430498640.80247,dbt2,21946,10,mark,psql,,-1,2015-05-01 17:44:00.800958+01,2015-05-01 17:44:00.802474+01,2015-05-01 17:44:00.802474+01,f,"COPY (SELECT EXTRACT(EPOCH FROM TRANSACTION_TIMESTAMP()) AS ctime, datname, pid, usesysid, usename, application_name, client_addr, client_port, backend_start, xact_start, query_start, waiting, query , state, state_change FROM pg_stat_activity) TO STDOUT (FORMAT CSV);",active,2015-05-01 17:44:00.80248+01
1430498700.79142,dbt2,21603,10,mark,dbt2-client,,-1,2015-05-01 17:38:59.330668+01,2015-05-01 17:45:00.775907+01,2015-05-01 17:45:00.776064+01,t,"SELECT payment(2, 8, 992, 2, 8, '', 3268.070000)",active,2015-05-01 17:45:00.776064+01
1430498700.79142,dbt2,21606,10,mark,dbt2-client,,-1,2015-05-01 17:38:59.429215+01,2015-05-01 17:45:00.792689+01,2015-05-01 17:45:00.792712+01,t,"SELECT payment(2, 9, 2045, 2, 9, '', 102.360000)",active,2015-05-01 17:45:00.792712+01
1430498700.79142,dbt2,21608,10,mark,dbt2-client,,-1,2015-05-01 17:38:59.529423+01,2015-05-01 17:45:00.775923+01,2015-05-01 17:45:00.775951+01,t,"SELECT payment(2, 2, 0, 2, 2, 'ESEBAREING', 1830.650000)",active,2015-05-01 17:45:00.775951+01
1430498700.79142,dbt2,21610,10,mark,dbt2-client,,-1,2015-05-01 17:38:59.629535+01,2015-05-01 17:45:00.787955+01,2015-05-01 17:45:00.789655+01,f,FETCH ALL IN mycursor,idle in transaction,2015-05-01 17:45:00.791277+01
1430498700.79142,dbt2,21612,10,mark,dbt2-client,,-1,2015-05-01 17:38:59.729654+01,2015-05-01 17:45:00.77569+01,2015-05-01 17:45:00.77575+01,t,"SELECT payment(1, 2, 0, 1, 2, 'ABLEABLEOUGHT', 833.430000)",active,2015-05-01 17:45:00.77575+01
1430498700.79142,dbt2,21614,10,mark,dbt2-client,,-1,2015-05-01 17:38:59.829736+01,,2015-05-01 17:45:00.792621+01,f,COMMIT,idle,2015-05-01 17:45:00.792634+01
1430498700.79142,dbt2,21616,10,mark,dbt2-client,,-1,2015-05-01 17:38:59.929921+01,2015-05-01 17:45:00.76643+01,2015-05-01 17:45:00.766457+01,t,"SELECT payment(1, 10, 1406, 1, 10, '', 4883.610000)",active,2015-05-01 17:45:00.766458+01
1430498700.79142,dbt2,21618,10,mark,dbt2-client,,-1,2015-05-01 17:39:00.030066+01,2015-05-01 17:45:00.760802+01,2015-05-01 17:45:00.760828+01,f,"SELECT payment(1, 10, 0, 1, 10, 'ESEOUGHTOUGHT', 2532.540000)",active,2015-05-01 17:45:00.760828+01
1430498700.79142,dbt2,21620,10,mark,dbt2-client,,-1,2015-05-01 17:39:00.130175+01,2015-05-01 17:45:00.786421+01,2015-05-01 17:45:00.786601+01,f,FETCH ALL IN mycursor,idle in transaction,2015-05-01 17:45:00.787676+01
1430498700.79142,dbt2,21622,10,mark,dbt2-client,,-1,2015-05-01 17:39:00.230252+01,,2015-05-01 17:45:00.791547+01,f,COMMIT,idle,2015-05-01 17:45:00.792538+01
1430498700.79142,dbt2,21624,10,mark,dbt2-client,,-1,2015-05-01 17:39:00.330401+01,,2015-05-01 17:45:00.791365+01,f,COMMIT,idle,2015-05-01 17:45:00.791382+01
1430498700.79142,dbt2,21763,10,mark,dbt2-client,,-1,2015-05-01 17:39:00.83282+01,2015-05-01 17:45:00.770692+01,2015-05-01 17:45:00.770748+01,t,"SELECT payment(1, 5, 0, 1, 8, 'BAREINGESE', 4834.010000)",active,2015-05-01 17:45:00.770748+01
1430498700.79142,dbt2,21678,10,mark,dbt2-client,,-1,2015-05-01 17:39:00.430469+01,2015-05-01 17:45:00.791249+01,2015-05-01 17:45:00.791613+01,f,FETCH ALL IN mycursor,idle in transaction,2015-05-01 17:45:00.792485+01
1430498700.79142,dbt2,21682,10,mark,dbt2-client,,-1,2015-05-01 17:39:00.530572+01,2015-05-01 17:45:00.763429+01,2015-05-01 17:45:00.763866+01,t,"SELECT payment(1, 9, 958, 1, 2, '', 2126.950000)",active,2015-05-01 17:45:00.763866+01
1430498700.79142,dbt2,21720,10,mark,dbt2-client,,-1,2015-05-01 17:39:00.631613+01,,2015-05-01 17:45:00.792497+01,f,COMMIT,idle,2015-05-01 17:45:00.792883+01
1430498700.79142,dbt2,21758,10,mark,dbt2-client,,-1,2015-05-01 17:39:00.750211+01,2015-05-01 17:45:00.786396+01,2015-05-01 17:45:00.788098+01,f,FETCH ALL IN mycursor,idle in transaction,2015-05-01 17:45:00.789592+01
1430498700.79142,dbt2,21767,10,mark,dbt2-client,,-1,2015-05-01 17:39:00.932492+01,2015-05-01 17:45:00.760362+01,2015-05-01 17:45:00.760385+01,t,"SELECT payment(2, 9, 0, 2, 9, 'OUGHTBARATION', 1246.980000)",active,2015-05-01 17:45:00.760385+01
1430498700.79142,dbt2,21771,10,mark,dbt2-client,,-1,2015-05-01 17:39:01.032359+01,2015-05-01 17:45:00.788015+01,2015-05-01 17:45:00.789499+01,f,FETCH ALL IN mycursor,idle in transaction,2015-05-01 17:45:00.791166+01
1430498700.79142,dbt2,21775,10,mark,dbt2-client,,-1,2015-05-01 17:39:01.134505+01,2015-05-01 17:45:00.788938+01,2015-05-01 17:45:00.792605+01,f,COMMIT,active,2015-05-01 17:45:00.792606+01
1430498700.79142,dbt2,21779,10,mark,dbt2-client,,-1,2015-05-01 17:39:01.237308+01,2015-05-01 17:45:00.791211+01,2015-05-01 17:45:00.791264+01,t,"SELECT payment(2, 7, 2686, 2, 7, '', 2165.920000)",active,2015-05-01 17:45:00.791264+01
1430498700.79142,dbt2,21970,10,mark,psql,,-1,2015-05-01 17:45:00.784714+01,2015-05-01 17:45:00.791416+01,2015-05-01 17:45:00.791416+01,f,"COPY (SELECT EXTRACT(EPOCH FROM TRANSACTION_TIMESTAMP()) AS ctime, datname, pid, usesysid, usename, application_name, client_addr, client_port, backend_start, xact_start, query_start, waiting, query , state, state_change FROM pg_stat_activity) TO STDOUT (FORMAT CSV);",active,2015-05-01 17:45:00.791423+01
1430498760.79414,dbt2,21603,10,mark,dbt2-client,,-1,2015-05-01 17:38:59.330668+01,2015-05-01 17:46:00.777652+01,2015-05-01 17:46:00.77784+01,t,"SELECT payment(1, 3, 960, 1, 3, '', 1048.560000)",active,2015-05-01 17:46:00.777841+01
1430498760.79414,dbt2,21606,10,mark,dbt2-client,,-1,2015-05-01 17:38:59.429215+01,2015-05-01 17:46:00.754198+01,2015-05-01 17:46:00.75425+01,t,"SELECT payment(2, 1, 70, 2, 1, '', 559.700000)",active,2015-05-01 17:46:00.75425+01
1430498760.79414,dbt2,21608,10,mark,dbt2-client,,-1,2015-05-01 17:38:59.529423+01,2015-05-01 17:46:00.791294+01,2015-05-01 17:46:00.792756+01,f,COMMIT,active,2015-05-01 17:46:00.792756+01
1430498760.79414,dbt2,21610,10,mark,dbt2-client,,-1,2015-05-01 17:38:59.629535+01,2015-05-01 17:46:00.77687+01,2015-05-01 17:46:00.776896+01,t,"SELECT payment(1, 8, 2044, 1, 8, '', 3618.210000)",active,2015-05-01 17:46:00.776896+01
1430498760.79414,dbt2,21612,10,mark,dbt2-client,,-1,2015-05-01 17:38:59.729654+01,2015-05-01 17:46:00.78457+01,2015-05-01 17:46:00.784609+01,t,"SELECT payment(2, 10, 0, 1, 7, 'ATIONEINGPRES', 2017.930000)",active,2015-05-01 17:46:00.784609+01
1430498760.79414,dbt2,21614,10,mark,dbt2-client,,-1,2015-05-01 17:38:59.829736+01,2015-05-01 17:46:00.770998+01,2015-05-01 17:46:00.792686+01,f,COMMIT,active,2015-05-01 17:46:00.792686+01
1430498760.79414,dbt2,21616,10,mark,dbt2-client,,-1,2015-05-01 17:38:59.929921+01,,2015-05-01 17:46:00.790019+01,f,COMMIT,idle,2015-05-01 17:46:00.793924+01
1430498760.79414,dbt2,21618,10,mark,dbt2-client,,-1,2015-05-01 17:39:00.030066+01,2015-05-01 17:46:00.79147+01,2015-05-01 17:46:00.79152+01,t,"SELECT payment(1, 4, 0, 1, 4, 'BARBARCALLY', 2039.460000)",active,2015-05-01 17:46:00.791521+01
1430498760.79414,dbt2,21620,10,mark,dbt2-client,,-1,2015-05-01 17:39:00.130175+01,2015-05-01 17:46:00.786416+01,2015-05-01 17:46:00.786447+01,t,"SELECT payment(2, 3, 0, 2, 3, 'BARBARCALLY', 4592.850000)",active,2015-05-01 17:46:00.786447+01
1430498760.79414,dbt2,21622,10,mark,dbt2-client,,-1,2015-05-01 17:39:00.230252+01,2015-05-01 17:46:00.777665+01,2015-05-01 17:46:00.777701+01,t,"SELECT payment(1, 5, 0, 1, 5, 'CALLYESEEING', 4406.630000)",active,2015-05-01 17:46:00.777702+01
1430498760.79414,dbt2,21624,10,mark,dbt2-client,,-1,2015-05-01 17:39:00.330401+01,2015-05-01 17:46:00.773335+01,2015-05-01 17:46:00.773355+01,t,"SELECT payment(2, 9, 0, 2, 9, 'OUGHTABLECALLY', 3531.410000)",active,2015-05-01 17:46:00.773355+01
1430498760.79414,dbt2,21763,10,mark,dbt2-client,,-1,2015-05-01 17:39:00.83282+01,2015-05-01 17:46:00.787047+01,2015-05-01 17:46:00.787072+01,t,"SELECT payment(1, 8, 2040, 1, 8, '', 3675.380000)",active,2015-05-01 17:46:00.787072+01
1430498760.79414,dbt2,21678,10,mark,dbt2-client,,-1,2015-05-01 17:39:00.430469+01,2015-05-01 17:46:00.7724+01,2015-05-01 17:46:00.772589+01,t,"SELECT payment(1, 3, 0, 1, 3, 'PRIPRESEING', 4965.870000)",active,2015-05-01 17:46:00.772589+01
1430498760.79414,dbt2,21682,10,mark,dbt2-client,,-1,2015-05-01 17:39:00.530572+01,2015-05-01 17:46:00.7652+01,2015-05-01 17:46:00.765484+01,t,"SELECT payment(2, 4, 0, 2, 4, 'EINGABLEESE', 3257.780000)",active,2015-05-01 17:46:00.765484+01
1430498760.79414,dbt2,21720,10,mark,dbt2-client,,-1,2015-05-01 17:39:00.631613+01,2015-05-01 17:46:00.742488+01,2015-05-01 17:46:00.742616+01,t,"SELECT payment(2, 9, 1399, 2, 9, '', 611.060000)",active,2015-05-01 17:46:00.742617+01
1430498760.79414,dbt2,21758,10,mark,dbt2-client,,-1,2015-05-01 17:39:00.750211+01,2015-05-01 17:46:00.773655+01,2015-05-01 17:46:00.773676+01,t,"SELECT payment(1, 8, 0, 1, 4, 'ESEBARANTI', 1325.210000)",active,2015-05-01 17:46:00.773676+01
1430498760.79414,dbt2,21767,10,mark,dbt2-client,,-1,2015-05-01 17:39:00.932492+01,2015-05-01 17:46:00.780479+01,2015-05-01 17:46:00.780626+01,t,"SELECT payment(2, 6, 0, 2, 6, 'ESEBARPRES', 2770.550000)",active,2015-05-01 17:46:00.780627+01
1430498760.79414,dbt2,21771,10,mark,dbt2-client,,-1,2015-05-01 17:39:01.032359+01,,2015-05-01 17:46:00.790046+01,f,COMMIT,idle,2015-05-01 17:46:00.793942+01
1430498760.79414,dbt2,21775,10,mark,dbt2-client,,-1,2015-05-01 17:39:01.134505+01,2015-05-01 17:46:00.784555+01,2015-05-01 17:46:00.784726+01,t,"SELECT payment(1, 3, 1208, 1, 3, '', 3860.860000)",active,2015-05-01 17:46:00.784726+01
1430498760.79414,dbt2,21779,10,mark,dbt2-client,,-1,2015-05-01 17:39:01.237308+01,2015-05-01 17:46:00.791483+01,2015-05-01 17:46:00.79254+01,t,FETCH ALL IN mycursor,active,2015-05-01 17:46:00.79254+01
1430498760.79414,dbt2,22021,10,mark,psql,,-1,2015-05-01 17:46:00.790137+01,2015-05-01 17:46:00.794144+01,2015-05-01 17:46:00.794144+01,f,"COPY (SELECT EXTRACT(EPOCH FROM TRANSACTION_TIMESTAMP()) AS ctime, datname, pid, usesysid, usename, application_name, client_addr, client_port, backend_start, xact_start, query_start, waiting, query , state, state_change FROM pg_stat_activity) TO STDOUT (FORMAT CSV);",active,2015-05-01 17:46:00.79415+01
1430498820.81116,dbt2,21603,10,mark,dbt2-client,,-1,2015-05-01 17:38:59.330668+01,2015-05-01 17:47:00.787114+01,2015-05-01 17:47:00.787251+01,t,"SELECT payment(1, 9, 2296, 1, 9, '', 4730.450000)",active,2015-05-01 17:47:00.787252+01
1430498820.81116,dbt2,21606,10,mark,dbt2-client,,-1,2015-05-01 17:38:59.429215+01,2015-05-01 17:47:00.777136+01,2015-05-01 17:47:00.777159+01,t,"SELECT payment(2, 9, 0, 2, 9, 'BAROUGHTCALLY', 2920.840000)",active,2015-05-01 17:47:00.777159+01
1430498820.81116,dbt2,21608,10,mark,dbt2-client,,-1,2015-05-01 17:38:59.529423+01,2015-05-01 17:47:00.774119+01,2015-05-01 17:47:00.776533+01,t,"SELECT payment(1, 10, 0, 1, 10, 'EINGABLEANTI', 1811.030000)",active,2015-05-01 17:47:00.776534+01
1430498820.81116,dbt2,21610,10,mark,dbt2-client,,-1,2015-05-01 17:38:59.629535+01,2015-05-01 17:47:00.759535+01,2015-05-01 17:47:00.803621+01,f,COMMIT,active,2015-05-01 17:47:00.803622+01
1430498820.81116,dbt2,21612,10,mark,dbt2-client,,-1,2015-05-01 17:38:59.729654+01,2015-05-01 17:47:00.799816+01,2015-05-01 17:47:00.801078+01,f,COMMIT,active,2015-05-01 17:47:00.801079+01
1430498820.81116,dbt2,21614,10,mark,dbt2-client,,-1,2015-05-01 17:38:59.829736+01,2015-05-01 17:47:00.772633+01,2015-05-01 17:47:00.772655+01,t,"SELECT payment(1, 3, 0, 1, 3, 'PRESPRIATION', 3840.960000)",active,2015-05-01 17:47:00.772655+01
1430498820.81116,dbt2,21616,10,mark,dbt2-client,,-1,2015-05-01 17:38:59.929921+01,2015-05-01 17:47:00.797961+01,2015-05-01 17:47:00.798027+01,t,"SELECT payment(1, 10, 983, 1, 3, '', 3360.100000)",active,2015-05-01 17:47:00.798028+01
1430498820.81116,dbt2,21618,10,mark,dbt2-client,,-1,2015-05-01 17:39:00.030066+01,2015-05-01 17:47:00.76809+01,2015-05-01 17:47:00.768111+01,f,"SELECT payment(2, 7, 0, 2, 7, 'PRESPRICALLY', 2177.140000)",idle in transaction,2015-05-01 17:47:00.810906+01
1430498820.81116,dbt2,21620,10,mark,dbt2-client,,-1,2015-05-01 17:39:00.130175+01,2015-05-01 17:47:00.786174+01,2015-05-01 17:47:00.786197+01,t,"SELECT payment(2, 8, 0, 2, 8, 'ABLEESEPRES', 3389.170000)",active,2015-05-01 17:47:00.786197+01
1430498820.81116,dbt2,21622,10,mark,dbt2-client,,-1,2015-05-01 17:39:00.230252+01,2015-05-01 17:47:00.792805+01,2015-05-01 17:47:00.793083+01,t,"SELECT payment(2, 2, 0, 2, 2, 'PRESEINGBAR', 4395.450000)",active,2015-05-01 17:47:00.793084+01
1430498820.81116,dbt2,21624,10,mark,dbt2-client,,-1,2015-05-01 17:39:00.330401+01,2015-05-01 17:47:00.792758+01,2015-05-01 17:47:00.792817+01,t,"SELECT payment(1, 9, 956, 1, 9, '', 2337.260000)",active,2015-05-01 17:47:00.792818+01
1430498820.81116,dbt2,21763,10,mark,dbt2-client,,-1,2015-05-01 17:39:00.83282+01,,2015-05-01 17:47:00.80099+01,f,COMMIT,idle,2015-05-01 17:47:00.810178+01
1430498820.81116,dbt2,21678,10,mark,dbt2-client,,-1,2015-05-01 17:39:00.430469+01,2015-05-01 17:47:00.760794+01,2015-05-01 17:47:00.760817+01,t,"SELECT payment(1, 3, 0, 1, 3, 'OUGHTEINGOUGHT', 698.030000)",active,2015-05-01 17:47:00.760817+01
1430498820.81116,dbt2,21682,10,mark,dbt2-client,,-1,2015-05-01 17:39:00.530572+01,2015-05-01 17:47:00.794759+01,2015-05-01 17:47:00.803726+01,f,COMMIT,active,2015-05-01 17:47:00.803726+01
1430498820.81116,dbt2,21720,10,mark,dbt2-client,,-1,2015-05-01 17:39:00.631613+01,2015-05-01 17:47:00.799088+01,2015-05-01 17:47:00.799175+01,t,"SELECT payment(2, 7, 0, 2, 7, 'PRESPRICALLY', 192.430000)",active,2015-05-01 17:47:00.799176+01
1430498820.81116,dbt2,21758,10,mark,dbt2-client,,-1,2015-05-01 17:39:00.750211+01,2015-05-01 17:47:00.799798+01,2015-05-01 17:47:00.799959+01,t,"SELECT payment(1, 9, 0, 1, 9, 'PRIATIONPRI', 2091.280000)",active,2015-05-01 17:47:00.79996+01
1430498820.81116,dbt2,21767,10,mark,dbt2-client,,-1,2015-05-01 17:39:00.932492+01,2015-05-01 17:47:00.799149+01,2015-05-01 17:47:00.803756+01,f,COMMIT,active,2015-05-01 17:47:00.803756+01
1430498820.81116,dbt2,21771,10,mark,dbt2-client,,-1,2015-05-01 17:39:01.032359+01,2015-05-01 17:47:00.799163+01,2015-05-01 17:47:00.803788+01,f,COMMIT,active,2015-05-01 17:47:00.803788+01
1430498820.81116,dbt2,21775,10,mark,dbt2-client,,-1,2015-05-01 17:39:01.134505+01,2015-05-01 17:47:00.753599+01,2015-05-01 17:47:00.753744+01,t,"SELECT payment(2, 3, 1019, 2, 3, '', 2663.470000)",active,2015-05-01 17:47:00.753744+01
1430498820.81116,dbt2,21779,10,mark,dbt2-client,,-1,2015-05-01 17:39:01.237308+01,2015-05-01 17:47:00.791846+01,2015-05-01 17:47:00.791908+01,t,"SELECT payment(2, 10, 0, 2, 10, 'ABLEESEPRES', 3831.120000)",active,2015-05-01 17:47:00.791908+01
1430498820.81116,dbt2,22047,10,mark,psql,,-1,2015-05-01 17:47:00.791039+01,,2015-05-01 17:47:00.79308+01,f,"COPY (SELECT EXTRACT(EPOCH FROM TRANSACTION_TIMESTAMP()) AS ctime, datname, numbackends, xact_commit, xact_rollback, blks_read, blks_hit, tup_returned, tup_fetched, tup_inserted, tup_updated, tup_deleted FROM pg_stat_database) TO STDOUT (FORMAT CSV);",idle,2015-05-01 17:47:00.810411+01
1430498820.81116,dbt2,22050,10,mark,psql,,-1,2015-05-01 17:47:00.795845+01,,2015-05-01 17:47:00.803798+01,f,"COPY (SELECT EXTRACT(EPOCH FROM TRANSACTION_TIMESTAMP()) AS ctime, a.schemaname, a.relname, seq_scan, seq_tup_read, idx_scan, idx_tup_fetch, n_tup_ins, n_tup_upd, n_tup_del, n_tup_hot_upd, n_live_tup, n_dead_tup, heap_blks_read, heap_blks_hit, idx_blks_read, idx_blks_hit, toast_blks_read, toast_blks_hit, tidx_blks_read, tidx_blks_hit FROM pg_statio_all_tables a, pg_stat_all_tables b WHERE a.relid = b.relid) TO STDOUT (FORMAT CSV);",idle,2015-05-01 17:47:00.812137+01
1430498820.81116,dbt2,22046,10,mark,psql,,-1,2015-05-01 17:47:00.796455+01,,2015-05-01 17:47:00.801091+01,f,"COPY (SELECT EXTRACT(EPOCH FROM TRANSACTION_TIMESTAMP()) AS ctime, a.schemaname, a.relname, a.indexrelname, idx_scan, idx_tup_read, idx_tup_fetch, idx_blks_read, idx_blks_hit FROM pg_stat_all_indexes a, pg_statio_all_indexes b WHERE a.indexrelid = b.indexrelid) TO STDOUT (FORMAT CSV);",idle,2015-05-01 17:47:00.810117+01
1430498820.81116,dbt2,22048,10,mark,psql,,-1,2015-05-01 17:47:00.798046+01,2015-05-01 17:47:00.811157+01,2015-05-01 17:47:00.811157+01,f,"COPY (SELECT EXTRACT(EPOCH FROM TRANSACTION_TIMESTAMP()) AS ctime, datname, pid, usesysid, usename, application_name, client_addr, client_port, backend_start, xact_start, query_start, waiting, query , state, state_change FROM pg_stat_activity) TO STDOUT (FORMAT CSV);",active,2015-05-01 17:47:00.811164+01
1430498820.81116,dbt2,22049,10,mark,psql,,-1,2015-05-01 17:47:00.795565+01,2015-05-01 17:47:00.812155+01,2015-05-01 17:47:00.812155+01,f,"COPY (SELECT EXTRACT(EPOCH FROM TRANSACTION_TIMESTAMP()) AS ctime, relname, pid, mode, granted FROM pg_locks, pg_class WHERE relfilenode = relation ORDER BY relname) TO STDOUT (FORMAT CSV);",active,2015-05-01 17:47:00.812162+01
1430498880.81958,dbt2,21603,10,mark,dbt2-client,,-1,2015-05-01 17:38:59.330668+01,2015-05-01 17:48:00.785281+01,2015-05-01 17:48:00.789762+01,t,"SELECT payment(2, 7, 350, 2, 7, '', 3027.750000)",active,2015-05-01 17:48:00.789762+01
1430498880.81958,dbt2,21606,10,mark,dbt2-client,,-1,2015-05-01 17:38:59.429215+01,2015-05-01 17:48:00.81024+01,2015-05-01 17:48:00.810381+01,t,FETCH ALL IN mycursor,active,2015-05-01 17:48:00.810381+01
1430498880.81958,dbt2,21608,10,mark,dbt2-client,,-1,2015-05-01 17:38:59.529423+01,,2015-05-01 17:48:00.818112+01,f,COMMIT,idle,2015-05-01 17:48:00.820528+01
1430498880.81958,dbt2,21610,10,mark,dbt2-client,,-1,2015-05-01 17:38:59.629535+01,2015-05-01 17:48:00.794356+01,2015-05-01 17:48:00.794511+01,t,"SELECT payment(1, 6, 0, 1, 6, 'ABLEPRESCALLY', 3775.910000)",active,2015-05-01 17:48:00.794511+01
1430498880.81958,dbt2,21612,10,mark,dbt2-client,,-1,2015-05-01 17:38:59.729654+01,2015-05-01 17:48:00.800911+01,2015-05-01 17:48:00.818163+01,f,COMMIT,active,2015-05-01 17:48:00.818163+01
1430498880.81958,dbt2,21614,10,mark,dbt2-client,,-1,2015-05-01 17:38:59.829736+01,2015-05-01 17:48:00.802563+01,2015-05-01 17:48:00.802596+01,f,"SELECT payment(1, 9, 0, 1, 9, 'OUGHTESEEING', 4858.650000)",idle in transaction,2015-05-01 17:48:00.82099+01
1430498880.81958,dbt2,21616,10,mark,dbt2-client,,-1,2015-05-01 17:38:59.929921+01,2015-05-01 17:48:00.804511+01,2015-05-01 17:48:00.819167+01,f,COMMIT,active,2015-05-01 17:48:00.819167+01
1430498880.81958,dbt2,21618,10,mark,dbt2-client,,-1,2015-05-01 17:39:00.030066+01,2015-05-01 17:48:00.793818+01,2015-05-01 17:48:00.794373+01,t,"SELECT payment(1, 8, 0, 1, 8, 'PRESPRIOUGHT', 125.620000)",active,2015-05-01 17:48:00.794373+01
1430498880.81958,dbt2,21620,10,mark,dbt2-client,,-1,2015-05-01 17:39:00.130175+01,2015-05-01 17:48:00.80093+01,2015-05-01 17:48:00.800965+01,t,"SELECT payment(1, 4, 1008, 1, 4, '', 2489.880000)",active,2015-05-01 17:48:00.800965+01
1430498880.81958,dbt2,21622,10,mark,dbt2-client,,-1,2015-05-01 17:39:00.230252+01,2015-05-01 17:48:00.777933+01,2015-05-01 17:48:00.778059+01,t,"SELECT payment(2, 6, 512, 2, 6, '', 4202.990000)",active,2015-05-01 17:48:00.778059+01
1430498880.81958,dbt2,21624,10,mark,dbt2-client,,-1,2015-05-01 17:39:00.330401+01,2015-05-01 17:48:00.804301+01,2015-05-01 17:48:00.804367+01,t,"SELECT payment(1, 6, 0, 1, 6, 'BARABLEPRI', 707.950000)",active,2015-05-01 17:48:00.804368+01
1430498880.81958,dbt2,21763,10,mark,dbt2-client,,-1,2015-05-01 17:39:00.83282+01,2015-05-01 17:48:00.818877+01,2015-05-01 17:48:00.81891+01,t,"SELECT payment(2, 6, 0, 2, 6, 'BARANTIPRI', 4680.430000)",active,2015-05-01 17:48:00.81891+01
1430498880.81958,dbt2,21678,10,mark,dbt2-client,,-1,2015-05-01 17:39:00.430469+01,2015-05-01 17:48:00.806773+01,2015-05-01 17:48:00.80682+01,t,"SELECT payment(2, 4, 2720, 2, 4, '', 1654.310000)",active,2015-05-01 17:48:00.80682+01
1430498880.81958,dbt2,21682,10,mark,dbt2-client,,-1,2015-05-01 17:39:00.530572+01,2015-05-01 17:48:00.777263+01,2015-05-01 17:48:00.8195+01,f,COMMIT,active,2015-05-01 17:48:00.819501+01
1430498880.81958,dbt2,21720,10,mark,dbt2-client,,-1,2015-05-01 17:39:00.631613+01,2015-05-01 17:48:00.807026+01,2015-05-01 17:48:00.810087+01,t,"SELECT payment(1, 1, 0, 1, 1, 'ABLEESEESE', 1730.120000)",active,2015-05-01 17:48:00.810088+01
1430498880.81958,dbt2,21758,10,mark,dbt2-client,,-1,2015-05-01 17:39:00.750211+01,2015-05-01 17:48:00.782845+01,2015-05-01 17:48:00.782881+01,t,"SELECT payment(1, 9, 444, 1, 9, '', 1816.180000)",active,2015-05-01 17:48:00.782882+01
1430498880.81958,dbt2,21767,10,mark,dbt2-client,,-1,2015-05-01 17:39:00.932492+01,,2015-05-01 17:48:00.817659+01,f,COMMIT,idle,2015-05-01 17:48:00.819052+01
1430498880.81958,dbt2,21771,10,mark,dbt2-client,,-1,2015-05-01 17:39:01.032359+01,,2015-05-01 17:48:00.818191+01,f,COMMIT,idle,2015-05-01 17:48:00.821071+01
1430498880.81958,dbt2,21775,10,mark,dbt2-client,,-1,2015-05-01 17:39:01.134505+01,2015-05-01 17:48:00.799549+01,2015-05-01 17:48:00.799582+01,t,"SELECT payment(2, 2, 2560, 1, 3, '', 4462.810000)",active,2015-05-01 17:48:00.799583+01
1430498880.81958,dbt2,21779,10,mark,dbt2-client,,-1,2015-05-01 17:39:01.237308+01,2015-05-01 17:48:00.758746+01,2015-05-01 17:48:00.75877+01,t,"SELECT payment(2, 10, 0, 2, 10, 'ABLEESEPRES', 2233.030000)",active,2015-05-01 17:48:00.75877+01
1430498880.81958,dbt2,22056,10,mark,"",,,2015-05-01 17:47:19.677026+01,2015-05-01 17:48:00.458918+01,2015-05-01 17:48:00.458918+01,f,autovacuum: VACUUM ANALYZE public.stock,active,2015-05-01 17:48:00.458918+01
1430498880.81958,dbt2,22074,10,mark,psql,,-1,2015-05-01 17:48:00.801984+01,,2015-05-01 17:48:00.805563+01,f,"COPY (SELECT EXTRACT(EPOCH FROM TRANSACTION_TIMESTAMP()) AS ctime, a.schemaname, a.relname, a.indexrelname, idx_scan, idx_tup_read, idx_tup_fetch, idx_blks_read, idx_blks_hit FROM pg_stat_all_indexes a, pg_statio_all_indexes b WHERE a.indexrelid = b.indexrelid) TO STDOUT (FORMAT CSV);",idle,2015-05-01 17:48:00.813394+01
1430498880.81958,dbt2,22077,10,mark,psql,,-1,2015-05-01 17:48:00.805291+01,,2015-05-01 17:48:00.810516+01,f,"COPY (SELECT EXTRACT(EPOCH FROM TRANSACTION_TIMESTAMP()) AS ctime, a.schemaname, a.relname, seq_scan, seq_tup_read, idx_scan, idx_tup_fetch, n_tup_ins, n_tup_upd, n_tup_del, n_tup_hot_upd, n_live_tup, n_dead_tup, heap_blks_read, heap_blks_hit, idx_blks_read, idx_blks_hit, toast_blks_read, toast_blks_hit, tidx_blks_read, tidx_blks_hit FROM pg_statio_all_tables a, pg_stat_all_tables b WHERE a.relid = b.relid) TO STDOUT (FORMAT CSV);",idle,2015-05-01 17:48:00.817647+01
1430498880.81958,dbt2,22075,10,mark,psql,,-1,2015-05-01 17:48:00.818262+01,2015-05-01 17:48:00.819584+01,2015-05-01 17:48:00.819584+01,f,"COPY (SELECT EXTRACT(EPOCH FROM TRANSACTION_TIMESTAMP()) AS ctime, datname, pid, usesysid, usename, application_name, client_addr, client_port, backend_start, xact_start, query_start, waiting, query , state, state_change FROM pg_stat_activity) TO STDOUT (FORMAT CSV);",active,2015-05-01 17:48:00.81959+01
1430498880.81958,dbt2,22078,10,mark,psql,,-1,2015-05-01 17:48:00.819245+01,,,f,"",idle,2015-05-01 17:48:00.820484+01
1430498940.84797,dbt2,21603,10,mark,dbt2-client,,-1,2015-05-01 17:38:59.330668+01,2015-05-01 17:49:00.84725+01,2015-05-01 17:49:00.847743+01,t,"SELECT payment(2, 1, 0, 2, 1, 'BARABLEOUGHT', 4626.040000)",active,2015-05-01 17:49:00.847744+01
1430498940.84797,dbt2,21606,10,mark,dbt2-client,,-1,2015-05-01 17:38:59.429215+01,2015-05-01 17:49:00.832388+01,2015-05-01 17:49:00.83241+01,t,"SELECT payment(1, 3, 0, 1, 3, 'ATIONPRIATION', 4512.090000)",active,2015-05-01 17:49:00.83241+01
1430498940.84797,dbt2,21608,10,mark,dbt2-client,,-1,2015-05-01 17:38:59.529423+01,2015-05-01 17:49:00.839596+01,2015-05-01 17:49:00.84935+01,f,COMMIT,active,2015-05-01 17:49:00.849351+01
1430498940.84797,dbt2,21610,10,mark,dbt2-client,,-1,2015-05-01 17:38:59.629535+01,2015-05-01 17:49:00.835577+01,2015-05-01 17:49:00.835603+01,t,"SELECT payment(1, 7, 0, 1, 7, 'PRESEINGEING', 1271.880000)",active,2015-05-01 17:49:00.835603+01
1430498940.84797,dbt2,21612,10,mark,dbt2-client,,-1,2015-05-01 17:38:59.729654+01,2015-05-01 17:49:00.839649+01,2015-05-01 17:49:00.839998+01,t,"SELECT payment(1, 9, 0, 1, 9, 'ESEOUGHTOUGHT', 1295.170000)",active,2015-05-01 17:49:00.839999+01
1430498940.84797,dbt2,21614,10,mark,dbt2-client,,-1,2015-05-01 17:38:59.829736+01,2015-05-01 17:49:00.842142+01,2015-05-01 17:49:00.842166+01,t,"SELECT delivery(2, 6)",active,2015-05-01 17:49:00.842166+01
1430498940.84797,dbt2,21616,10,mark,dbt2-client,,-1,2015-05-01 17:38:59.929921+01,2015-05-01 17:49:00.848102+01,2015-05-01 17:49:00.849431+01,f,COMMIT,active,2015-05-01 17:49:00.849431+01
1430498940.84797,dbt2,21618,10,mark,dbt2-client,,-1,2015-05-01 17:39:00.030066+01,2015-05-01 17:49:00.83337+01,2015-05-01 17:49:00.833395+01,t,"SELECT payment(1, 6, 72, 1, 6, '', 114.930000)",active,2015-05-01 17:49:00.833395+01
1430498940.84797,dbt2,21620,10,mark,dbt2-client,,-1,2015-05-01 17:39:00.130175+01,2015-05-01 17:49:00.833894+01,2015-05-01 17:49:00.833959+01,t,"SELECT payment(2, 9, 0, 2, 9, 'EINGCALLYESE', 3655.640000)",active,2015-05-01 17:49:00.83396+01
1430498940.84797,dbt2,21622,10,mark,dbt2-client,,-1,2015-05-01 17:39:00.230252+01,2015-05-01 17:49:00.827452+01,2015-05-01 17:49:00.827603+01,t,"SELECT payment(1, 9, 1778, 1, 9, '', 3855.170000)",active,2015-05-01 17:49:00.827604+01
1430498940.84797,dbt2,21624,10,mark,dbt2-client,,-1,2015-05-01 17:39:00.330401+01,2015-05-01 17:49:00.83309+01,2015-05-01 17:49:00.833134+01,t,"SELECT payment(2, 1, 0, 2, 1, 'BAROUGHTESE', 2629.400000)",active,2015-05-01 17:49:00.833135+01
1430498940.84797,dbt2,21763,10,mark,dbt2-client,,-1,2015-05-01 17:39:00.83282+01,2015-05-01 17:49:00.77021+01,2015-05-01 17:49:00.770302+01,f,"SELECT payment(1, 8, 0, 1, 8, 'ABLEABLEPRI', 3501.080000)",idle in transaction,2015-05-01 17:49:00.847608+01
1430498940.84797,dbt2,21678,10,mark,dbt2-client,,-1,2015-05-01 17:39:00.430469+01,2015-05-01 17:49:00.843747+01,2015-05-01 17:49:00.843774+01,t,"SELECT payment(1, 5, 0, 1, 5, 'ABLEESEESE', 154.100000)",active,2015-05-01 17:49:00.843775+01
1430498940.84797,dbt2,21682,10,mark,dbt2-client,,-1,2015-05-01 17:39:00.530572+01,2015-05-01 17:49:00.840066+01,2015-05-01 17:49:00.842334+01,f,COMMIT,active,2015-05-01 17:49:00.842334+01
1430498940.84797,dbt2,21720,10,mark,dbt2-client,,-1,2015-05-01 17:39:00.631613+01,2015-05-01 17:49:00.833073+01,2015-05-01 17:49:00.842303+01,f,COMMIT,active,2015-05-01 17:49:00.842303+01
1430498940.84797,dbt2,21758,10,mark,dbt2-client,,-1,2015-05-01 17:39:00.750211+01,2015-05-01 17:49:00.839664+01,2015-05-01 17:49:00.839724+01,t,"SELECT payment(2, 10, 0, 2, 10, 'EINGESEATION', 868.940000)",active,2015-05-01 17:49:00.839724+01
1430498940.84797,dbt2,21767,10,mark,dbt2-client,,-1,2015-05-01 17:39:00.932492+01,2015-05-01 17:49:00.830394+01,2015-05-01 17:49:00.830415+01,t,"SELECT payment(2, 10, 0, 1, 2, 'ABLEESEPRI', 1927.150000)",active,2015-05-01 17:49:00.830415+01
1430498940.84797,dbt2,21771,10,mark,dbt2-client,,-1,2015-05-01 17:39:01.032359+01,2015-05-01 17:49:00.823132+01,2015-05-01 17:49:00.824002+01,f,"SELECT payment(2, 10, 0, 2, 10, 'ATIONANTIPRI', 4649.100000)",idle in transaction,2015-05-01 17:49:00.847005+01
1430498940.84797,dbt2,21775,10,mark,dbt2-client,,-1,2015-05-01 17:39:01.134505+01,2015-05-01 17:49:00.847941+01,2015-05-01 17:49:00.847966+01,t,"SELECT payment(1, 9, 0, 1, 9, 'EINGESEEING', 4250.350000)",active,2015-05-01 17:49:00.847966+01
1430498940.84797,dbt2,21779,10,mark,dbt2-client,,-1,2015-05-01 17:39:01.237308+01,2015-05-01 17:49:00.827516+01,2015-05-01 17:49:00.827725+01,t,"SELECT payment(1, 1, 438, 1, 1, '', 3309.040000)",active,2015-05-01 17:49:00.827725+01
1430498940.84797,dbt2,22102,10,mark,psql,,-1,2015-05-01 17:49:00.84242+01,2015-05-01 17:49:00.847968+01,2015-05-01 17:49:00.847968+01,f,"COPY (SELECT EXTRACT(EPOCH FROM TRANSACTION_TIMESTAMP()) AS ctime, datname, pid, usesysid, usename, application_name, client_addr, client_port, backend_start, xact_start, query_start, waiting, query , state, state_change FROM pg_stat_activity) TO STDOUT (FORMAT CSV);",active,2015-05-01 17:49:00.847975+01
1430498940.84797,dbt2,22104,10,mark,psql,,-1,2015-05-01 17:49:00.843992+01,,2015-05-01 17:49:00.845409+01,f,"COPY (SELECT EXTRACT(EPOCH FROM TRANSACTION_TIMESTAMP()) AS ctime, relname, pid, mode, granted FROM pg_locks, pg_class WHERE relfilenode = relation ORDER BY relname) TO STDOUT (FORMAT CSV);",idle,2015-05-01 17:49:00.84795+01
