ctime,schemaname,relname,seq_scan,seq_tup_read,idx_scan,idx_tup_fetch,n_tup_ins,n_tup_upd,n_tup_del,n_tup_hot_upd,n_live_tup,n_dead_tup,heap_blks_read,heap_blks_hit,idx_blks_read,idx_blks_hit,toast_blks_read,toast_blks_hit,tidx_blks_read,tidx_blks_hit
1430498340.7414,pg_catalog,pg_operator,3,2295,242,1300,0,0,0,0,765,0,42,914,20,548,,,,
1430498340.7414,pg_catalog,pg_extension,3,3,0,0,0,0,0,0,1,0,2,2,0,0,,,,
1430498340.7414,pg_catalog,pg_authid,295,295,7321,7321,0,0,0,0,1,0,20,7600,72,14570,,,,
1430498340.7414,pg_catalog,pg_statistic,2,798,1274,1095,92,479,0,188,491,76,65,2417,13,3355,32,296,4,266
1430498340.7414,pg_catalog,pg_opfamily,3,258,0,0,0,0,0,0,86,0,4,4,0,0,,,,
1430498340.7414,pg_catalog,pg_shdescription,12,33,4,0,0,0,0,0,3,0,9,7,9,0,0,0,0,0
1430498340.7414,pg_catalog,pg_event_trigger,3,0,27,0,0,0,0,0,0,0,0,0,2,25,,,,
1430498340.7414,pg_catalog,pg_user_mapping,3,0,0,0,0,0,0,0,0,0,0,0,0,0,,,,
1430498340.7414,pg_catalog,pg_inherits,3,0,84,0,0,0,0,0,0,0,0,0,2,82,,,,
1430498340.7414,pg_toast,pg_toast_3596,0,0,0,0,0,0,0,0,0,0,0,0,0,0,,,,
1430498340.7414,pg_catalog,pg_rewrite,3,327,2,2,0,0,0,0,109,0,23,23,2,2,45,39,8,122
1430498340.7414,public,order_line,4,2274320,0,0,568668,0,0,0,568668,0,35856,20398,14,260,,,,
1430498340.7414,pg_catalog,pg_foreign_data_wrapper,3,0,0,0,0,0,0,0,0,0,0,0,0,0,,,,
1430498340.7414,pg_catalog,pg_largeobject_metadata,2,0,0,0,0,0,0,0,0,0,0,0,0,0,,,,
1430498340.7414,pg_catalog,pg_opclass,11,392,410,5485,0,0,0,0,128,0,9,1929,12,518,,,,
1430498340.7414,pg_catalog,pg_attrdef,3,0,0,0,0,0,0,0,0,0,0,0,0,0,0,0,0,0
1430498340.7414,pg_catalog,pg_default_acl,3,0,59,0,0,0,0,0,0,0,0,0,2,57,,,,
1430498340.7414,pg_catalog,pg_aggregate,2,266,2,2,0,0,0,0,133,0,5,3,2,2,,,,
1430498340.7414,pg_toast,pg_toast_12329,0,0,0,0,0,0,0,0,0,0,0,0,0,0,,,,
1430498340.7414,pg_catalog,pg_ts_dict,3,48,0,0,0,0,0,0,16,0,2,2,0,0,,,,
1430498340.7414,public,district,30,480,0,0,20,10,0,10,20,10,3,40,1,14,,,,
1430498340.7414,public,warehouse,20,34,0,0,2,3,0,3,2,3,3,19,1,11,,,,
1430498340.7414,pg_catalog,pg_index,34,526,1168,1412,27,0,17,0,123,17,13,1286,12,1379,,,,
1430498340.7414,pg_catalog,pg_tablespace,27,54,2822,2822,0,0,0,0,2,0,20,2833,44,5622,,,,
1430498340.7414,pg_toast,pg_toast_2619,0,0,179,414,71,0,10,0,61,10,32,296,4,266,,,,
1430498340.7414,pg_catalog,pg_constraint,5,50,8,0,8,0,0,0,10,0,6,33,8,64,0,0,0,0
1430498340.7414,pg_toast,pg_toast_2618,0,0,62,193,0,0,0,0,0,0,45,39,4,61,,,,
1430498340.7414,pg_catalog,pg_cast,3,594,2025,360,0,0,0,0,198,0,6,362,6,2058,,,,
1430498340.7414,pg_catalog,pg_ts_config,3,48,0,0,0,0,0,0,16,0,2,2,0,0,,,,
1430498340.7414,pg_catalog,pg_ts_parser,3,3,0,0,0,0,0,0,1,0,2,2,0,0,,,,
1430498340.7414,pg_toast,pg_toast_2620,0,0,0,0,0,0,0,0,0,0,0,0,0,0,,,,
1430498340.7414,pg_toast,pg_toast_2396,0,0,0,0,0,0,0,0,0,0,0,0,0,0,,,,
1430498340.7414,pg_catalog,pg_largeobject,2,0,0,0,0,0,0,0,0,0,0,0,0,0,,,,
1430498340.7414,pg_catalog,pg_enum,4,0,0,0,0,0,0,0,0,0,0,0,0,0,,,,
1430498340.7414,pg_catalog,pg_foreign_table,2,0,0,0,0,0,0,0,0,0,0,0,0,0,,,,
1430498340.7414,pg_catalog,pg_collation,3,1806,0,0,0,0,0,0,602,0,38,38,0,0,,,,
1430498340.7414,pg_catalog,pg_am,113,125,0,0,0,0,0,0,5,0,3,111,0,0,,,,
1430498340.7414,pg_catalog,pg_proc,3,8073,250,267,6,0,0,0,2691,0,158,406,28,580,0,0,0,0
1430498340.7414,pg_catalog,pg_shdepend,12,12,1362,341,0,0,0,0,1,0,9,348,36,1416,,,,
1430498340.7414,public,new_order,4,72000,0,0,18007,0,0,0,18007,0,199,590,8,14,,,,
1430498340.7414,pg_catalog,pg_language,4,16,10,10,0,0,0,0,4,0,2,13,4,18,,,,
1430498340.7414,pg_catalog,pg_range,2,12,2,0,0,0,0,0,6,0,2,1,2,2,,,,
1430498340.7414,pg_catalog,pg_attribute,48,7904,2890,10562,1401,20,1219,3,2491,0,143,6873,47,11620,,,,
1430498340.7414,pg_catalog,pg_database,1372,5342,55296,55286,5,0,4,0,4,0,4,56675,80,64532,,,,
1430498340.7414,pg_catalog,pg_conversion,4,528,0,0,0,0,0,0,132,0,6,9,0,0,,,,
1430498340.7414,pg_catalog,pg_type,3,1093,1412,1053,173,0,151,0,361,0,30,1458,20,3451,,,,
1430498340.7414,pg_catalog,pg_trigger,4,0,0,0,0,0,0,0,0,0,0,0,0,0,0,0,0,0
1430498340.7414,information_schema,sql_implementation_info,1,12,,,0,0,0,0,12,0,2,0,,,0,0,0,0
1430498340.7414,information_schema,sql_languages,1,4,,,0,0,0,0,4,0,2,0,,,0,0,0,0
1430498340.7414,pg_toast,pg_toast_12309,0,0,0,0,0,0,0,0,0,0,0,0,0,0,,,,
1430498340.7414,pg_toast,pg_toast_12334,0,0,0,0,0,0,0,0,0,0,0,0,0,0,,,,
1430498340.7414,public,orders,6,360000,0,0,60007,0,0,0,60007,0,969,3866,19,41,,,,
1430498340.7414,pg_catalog,pg_amop,4,1744,285,353,0,0,0,0,436,0,12,361,22,634,,,,
1430498340.7414,pg_toast,pg_toast_1255,0,0,0,0,0,0,0,0,0,0,0,0,0,0,,,,
1430498340.7414,pg_toast,pg_toast_12314,0,0,0,0,0,0,0,0,0,0,0,0,0,0,,,,
1430498340.7414,pg_toast,pg_toast_12324,0,0,0,0,0,0,0,0,0,0,0,0,0,0,,,,
1430498340.7414,pg_catalog,pg_amproc,11,1048,294,470,0,0,0,0,344,0,9,306,9,678,,,,
1430498340.7414,pg_toast,pg_toast_2964,0,0,0,0,0,0,0,0,0,0,0,0,0,0,,,,
1430498340.7414,pg_catalog,pg_ts_template,3,15,0,0,0,0,0,0,5,0,2,2,0,0,,,,
1430498340.7414,public,history,1,60000,,,60003,0,0,0,60003,0,1289,1927,,,,,,
1430498340.7414,pg_catalog,pg_db_role_setting,12,0,18644,0,0,0,0,0,0,0,0,0,20,18624,0,0,0,0
1430498340.7414,pg_toast,pg_toast_2609,0,0,0,0,0,0,0,0,0,0,0,0,0,0,,,,
1430498340.7414,information_schema,sql_parts,1,9,,,0,0,0,0,9,0,2,0,,,0,0,0,0
1430498340.7414,pg_catalog,pg_class,109,13535,3366,3003,122,324,101,68,316,0,33,5094,33,8168,,,,
1430498340.7414,pg_catalog,pg_seclabel,2,0,252,0,0,0,0,0,0,0,0,0,2,250,0,0,0,0
1430498340.7414,pg_catalog,pg_ts_config_map,2,608,0,0,0,0,0,0,304,0,4,2,0,0,,,,
1430498340.7414,information_schema,sql_sizing,1,23,,,0,0,0,0,23,0,2,0,,,0,0,0,0
1430498340.7414,pg_toast,pg_toast_12339,0,0,0,0,0,0,0,0,0,0,0,0,0,0,,,,
1430498340.7414,information_schema,sql_packages,1,10,,,0,0,0,0,10,0,2,0,,,0,0,0,0
1430498340.7414,public,item,4,400000,88,88,100000,0,0,0,100000,0,2638,7816,58,125,,,,
1430498340.7414,pg_toast,pg_toast_2606,0,0,0,0,0,0,0,0,0,0,0,0,0,0,,,,
1430498340.7414,pg_catalog,pg_pltemplate,8,64,0,0,0,0,0,0,8,0,8,4,0,0,,,,
1430498340.7414,pg_catalog,pg_auth_members,12,0,0,0,0,0,0,0,0,0,0,0,0,0,,,,
1430498340.7414,pg_catalog,pg_depend,3,20120,2731,2507,348,0,256,0,6672,256,103,3172,39,6884,,,,
1430498340.7414,pg_toast,pg_toast_2604,0,0,0,0,0,0,0,0,0,0,0,0,0,0,,,,
1430498340.7414,pg_catalog,pg_shseclabel,8,0,4,0,0,0,0,0,0,0,0,0,4,0,,,,
1430498340.7414,public,customer,6,360000,15,29,60000,3,0,0,60000,3,27728,18707,21,76,,,,
1430498340.7414,information_schema,sql_features,1,672,,,0,0,0,0,672,0,14,0,,,0,0,0,0
1430498340.7414,pg_toast,pg_toast_12319,0,0,0,0,0,0,0,0,0,0,0,0,0,0,,,,
1430498340.7414,public,stock,4,800000,176,176,200000,88,0,0,200000,88,46000,23934,75,726,,,,
1430498340.7414,pg_catalog,pg_description,2,7372,252,0,0,0,0,0,3686,0,64,32,6,501,0,0,0,0
1430498340.7414,pg_catalog,pg_namespace,5,30,204,123,0,0,0,0,6,0,3,126,11,290,,,,
1430498340.7414,information_schema,sql_sizing_profiles,1,0,,,0,0,0,0,0,0,0,0,,,0,0,0,0
1430498340.7414,pg_catalog,pg_foreign_server,3,0,0,0,0,0,0,0,0,0,0,0,0,0,,,,
1430498400.74951,pg_catalog,pg_operator,3,2295,852,5322,0,0,0,0,765,0,42,3729,20,1819,,,,
1430498400.74951,pg_catalog,pg_extension,3,3,0,0,0,0,0,0,1,0,2,2,0,0,,,,
1430498400.74951,pg_catalog,pg_authid,298,298,7441,7441,0,0,0,0,1,0,21,7722,76,14806,,,,
1430498400.74951,pg_catalog,pg_statistic,2,798,4074,3889,92,557,0,207,491,148,77,5425,13,9090,47,1428,4,1038
1430498400.74951,pg_catalog,pg_opfamily,3,258,0,0,0,0,0,0,86,0,4,4,0,0,,,,
1430498400.74951,pg_catalog,pg_shdescription,12,33,4,0,0,0,0,0,3,0,9,7,9,0,0,0,0,0
1430498400.74951,pg_catalog,pg_event_trigger,3,0,27,0,0,0,0,0,0,0,0,0,2,25,,,,
1430498400.74951,pg_catalog,pg_user_mapping,3,0,0,0,0,0,0,0,0,0,0,0,0,0,,,,
1430498400.74951,pg_catalog,pg_inherits,3,0,84,0,0,0,0,0,0,0,0,0,2,82,,,,
1430498400.74951,pg_toast,pg_toast_3596,0,0,0,0,0,0,0,0,0,0,0,0,0,0,,,,
1430498400.74951,pg_catalog,pg_rewrite,3,327,9,9,0,0,0,0,109,0,27,26,2,14,51,40,8,138
1430498400.74951,public,order_line,4,2274320,73769,810182,962692,332849,0,155220,922277,83629,51950,1646987,5827,1953953,,,,
1430498400.74951,pg_catalog,pg_foreign_data_wrapper,3,0,0,0,0,0,0,0,0,0,0,0,0,0,,,,
1430498400.74951,pg_catalog,pg_largeobject_metadata,2,0,0,0,0,0,0,0,0,0,0,0,0,0,,,,
1430498400.74951,pg_catalog,pg_opclass,11,392,632,9129,0,0,0,0,128,0,9,3311,12,773,,,,
1430498400.74951,pg_catalog,pg_attrdef,3,0,0,0,0,0,0,0,0,0,0,0,0,0,0,0,0,0
1430498400.74951,pg_catalog,pg_default_acl,3,0,59,0,0,0,0,0,0,0,0,0,2,57,,,,
1430498400.74951,pg_catalog,pg_aggregate,2,266,43,43,0,0,0,0,133,0,5,44,2,64,,,,
1430498400.74951,pg_toast,pg_toast_12329,0,0,0,0,0,0,0,0,0,0,0,0,0,0,,,,
1430498400.74951,pg_catalog,pg_ts_dict,3,48,0,0,0,0,0,0,16,0,2,2,0,0,,,,
1430498400.74951,public,district,137134,2559580,27027,27027,20,73575,0,73228,20,525,131,4803962,2,27419,,,,
1430498400.74951,public,warehouse,45666,69106,75048,75048,2,36022,0,35303,2,1058,80,1472450,2,75809,,,,
1430498400.74951,pg_catalog,pg_index,39,1141,1728,2051,27,0,17,0,123,17,13,1860,12,1968,,,,
1430498400.74951,pg_catalog,pg_tablespace,27,54,2877,2877,0,0,0,0,2,0,21,2887,47,5731,,,,
1430498400.74951,pg_toast,pg_toast_2619,0,0,881,2571,129,0,66,0,63,66,47,1428,4,1038,,,,
1430498400.74951,pg_catalog,pg_constraint,5,50,8,0,8,0,0,0,10,0,6,33,8,64,0,0,0,0
1430498400.74951,pg_toast,pg_toast_2618,0,0,67,209,0,0,0,0,0,0,51,40,4,69,,,,
1430498400.74951,pg_catalog,pg_cast,3,594,4543,916,0,0,0,0,198,0,6,918,6,4593,,,,
1430498400.74951,pg_catalog,pg_ts_config,3,48,0,0,0,0,0,0,16,0,2,2,0,0,,,,
1430498400.74951,pg_catalog,pg_ts_parser,3,3,0,0,0,0,0,0,1,0,2,2,0,0,,,,
1430498400.74951,pg_toast,pg_toast_2620,0,0,0,0,0,0,0,0,0,0,0,0,0,0,,,,
1430498400.74951,pg_toast,pg_toast_2396,0,0,0,0,0,0,0,0,0,0,0,0,0,0,,,,
1430498400.74951,pg_catalog,pg_largeobject,2,0,0,0,0,0,0,0,0,0,0,0,0,0,,,,
1430498400.74951,pg_catalog,pg_enum,4,0,0,0,0,0,0,0,0,0,0,0,0,0,,,,
1430498400.74951,pg_catalog,pg_foreign_table,2,0,0,0,0,0,0,0,0,0,0,0,0,0,,,,
1430498400.74951,pg_catalog,pg_collation,3,1806,0,0,0,0,0,0,602,0,38,38,0,0,,,,
1430498400.74951,pg_catalog,pg_am,125,137,0,0,0,0,0,0,5,0,3,123,0,0,,,,
1430498400.74951,pg_catalog,pg_proc,3,8073,1107,1438,6,0,0,0,2691,0,168,1387,33,2349,0,0,0,0
1430498400.74951,pg_catalog,pg_shdepend,12,12,1362,341,0,0,0,0,1,0,9,348,36,1416,,,,
1430498400.74951,public,new_order,4,72000,67100,64266,55553,0,30500,0,24633,16068,405,279640,322,295391,,,,
1430498400.74951,pg_catalog,pg_language,4,16,10,10,0,0,0,0,4,0,2,13,4,18,,,,
1430498400.74951,pg_catalog,pg_range,2,12,2,0,0,0,0,0,6,0,2,1,2,2,,,,
1430498400.74951,pg_catalog,pg_attribute,48,7904,5041,17222,1401,20,1219,3,2491,0,148,9496,48,15935,,,,
1430498400.74951,pg_catalog,pg_database,1375,5348,55493,55483,5,0,4,0,4,0,4,56875,84,64846,,,,
1430498400.74951,pg_catalog,pg_conversion,4,528,0,0,0,0,0,0,132,0,6,9,0,0,,,,
1430498400.74951,pg_catalog,pg_type,3,1093,2205,1846,173,0,151,0,361,0,30,2251,20,5054,,,,
1430498400.74951,pg_catalog,pg_trigger,4,0,0,0,0,0,0,0,0,0,0,0,0,0,0,0,0,0
1430498400.74951,information_schema,sql_implementation_info,1,12,,,0,0,0,0,12,0,2,0,,,0,0,0,0
1430498400.74951,information_schema,sql_languages,1,4,,,0,0,0,0,4,0,2,0,,,0,0,0,0
1430498400.74951,pg_toast,pg_toast_12309,0,0,0,0,0,0,0,0,0,0,0,0,0,0,,,,
1430498400.74951,pg_toast,pg_toast_12334,0,0,0,0,0,0,0,0,0,0,0,0,0,0,,,,
1430498400.74951,public,orders,6,360000,70486,74852,97553,33550,0,25347,97301,9187,1836,169418,981,487849,,,,
1430498400.74951,pg_catalog,pg_amop,4,1744,685,883,0,0,0,0,436,0,12,891,23,1465,,,,
1430498400.74951,pg_toast,pg_toast_1255,0,0,0,0,0,0,0,0,0,0,0,0,0,0,,,,
1430498400.74951,pg_toast,pg_toast_12314,0,0,0,0,0,0,0,0,0,0,0,0,0,0,,,,
1430498400.74951,pg_toast,pg_toast_12324,0,0,0,0,0,0,0,0,0,0,0,0,0,0,,,,
1430498400.74951,pg_catalog,pg_amproc,11,1048,421,636,0,0,0,0,344,0,9,430,9,944,,,,
1430498400.74951,pg_toast,pg_toast_2964,0,0,0,0,0,0,0,0,0,0,0,0,0,0,,,,
1430498400.74951,pg_catalog,pg_ts_template,3,15,0,0,0,0,0,0,5,0,2,2,0,0,,,,
1430498400.74951,public,history,1,60000,,,96022,0,0,0,96029,0,2360,39035,,,,,,
1430498400.74951,pg_catalog,pg_db_role_setting,12,0,18888,0,0,0,0,0,0,0,0,0,21,18867,0,0,0,0
1430498400.74951,pg_toast,pg_toast_2609,0,0,0,0,0,0,0,0,0,0,0,0,0,0,,,,
1430498400.74951,information_schema,sql_parts,1,9,,,0,0,0,0,9,0,2,0,,,0,0,0,0
1430498400.74951,pg_catalog,pg_class,119,16396,5395,4755,122,324,101,68,316,0,34,6948,33,10791,,,,
1430498400.74951,pg_catalog,pg_seclabel,2,0,252,0,0,0,0,0,0,0,0,0,2,250,0,0,0,0
1430498400.74951,pg_catalog,pg_ts_config_map,2,608,0,0,0,0,0,0,304,0,4,2,0,0,,,,
1430498400.74951,information_schema,sql_sizing,1,23,,,0,0,0,0,23,0,2,0,,,0,0,0,0
1430498400.74951,pg_toast,pg_toast_12339,0,0,0,0,0,0,0,0,0,0,0,0,0,0,,,,
1430498400.74951,information_schema,sql_packages,1,10,,,0,0,0,0,10,0,2,0,,,0,0,0,0
1430498400.74951,public,item,4,400000,394493,394112,100000,0,0,0,100000,0,3842,400636,276,790652,,,,
1430498400.74951,pg_toast,pg_toast_2606,0,0,0,0,0,0,0,0,0,0,0,0,0,0,,,,
1430498400.74951,pg_catalog,pg_pltemplate,8,64,0,0,0,0,0,0,8,0,8,4,0,0,,,,
1430498400.74951,pg_catalog,pg_auth_members,12,0,0,0,0,0,0,0,0,0,0,0,0,0,,,,
1430498400.74951,pg_catalog,pg_depend,3,20120,2731,2507,348,0,256,0,6672,256,103,3172,39,6884,,,,
1430498400.74951,pg_toast,pg_toast_2604,0,0,0,0,0,0,0,0,0,0,0,0,0,0,,,,
1430498400.74951,pg_catalog,pg_shseclabel,8,0,4,0,0,0,0,0,0,0,0,0,4,0,,,,
1430498400.74951,public,customer,6,360000,170112,433076,60000,69572,0,59412,60022,13024,33061,557355,772,573972,,,,
1430498400.74951,information_schema,sql_features,1,672,,,0,0,0,0,672,0,14,0,,,0,0,0,0
1430498400.74951,pg_toast,pg_toast_12319,0,0,0,0,0,0,0,0,0,0,0,0,0,0,,,,
1430498400.74951,public,stock,4,800000,899680,793015,200000,394112,0,0,198983,250701,57641,1360486,1488,3892942,,,,
1430498400.74951,pg_catalog,pg_description,2,7372,252,0,0,0,0,0,3686,0,64,32,6,501,0,0,0,0
1430498400.74951,pg_catalog,pg_namespace,7,42,376,279,0,0,0,0,6,0,3,284,12,480,,,,
1430498400.74951,information_schema,sql_sizing_profiles,1,0,,,0,0,0,0,0,0,0,0,,,0,0,0,0
1430498400.74951,pg_catalog,pg_foreign_server,3,0,0,0,0,0,0,0,0,0,0,0,0,0,,,,
1430498460.76005,pg_catalog,pg_operator,3,2295,875,5345,0,0,0,0,765,0,42,3752,20,1874,,,,
1430498460.76005,pg_catalog,pg_extension,3,3,0,0,0,0,0,0,1,0,2,2,0,0,,,,
1430498460.76005,pg_catalog,pg_authid,299,299,7453,7453,0,0,0,0,1,0,21,7735,76,14830,,,,
1430498460.76005,pg_catalog,pg_statistic,2,798,5577,5386,92,635,0,246,491,200,82,7135,13,12180,61,2258,4,1510
1430498460.76005,pg_catalog,pg_opfamily,3,258,0,0,0,0,0,0,86,0,4,4,0,0,,,,
1430498460.76005,pg_catalog,pg_shdescription,12,33,4,0,0,0,0,0,3,0,9,7,9,0,0,0,0,0
1430498460.76005,pg_catalog,pg_event_trigger,3,0,27,0,0,0,0,0,0,0,0,0,2,25,,,,
1430498460.76005,pg_catalog,pg_user_mapping,3,0,0,0,0,0,0,0,0,0,0,0,0,0,,,,
1430498460.76005,pg_catalog,pg_inherits,3,0,84,0,0,0,0,0,0,0,0,0,2,82,,,,
1430498460.76005,pg_toast,pg_toast_3596,0,0,0,0,0,0,0,0,0,0,0,0,0,0,,,,
1430498460.76005,pg_catalog,pg_rewrite,3,327,16,16,0,0,0,0,109,0,27,33,2,26,51,47,8,154
1430498460.76005,public,order_line,4,2274320,152696,1710830,1394978,708826,0,392736,1392038,96977,60180,3213687,9652,3923652,,,,
1430498460.76005,pg_catalog,pg_foreign_data_wrapper,3,0,0,0,0,0,0,0,0,0,0,0,0,0,,,,
1430498460.76005,pg_catalog,pg_largeobject_metadata,2,0,0,0,0,0,0,0,0,0,0,0,0,0,,,,
1430498460.76005,pg_catalog,pg_opclass,11,392,665,9587,0,0,0,0,128,0,9,3468,12,817,,,,
1430498460.76005,pg_catalog,pg_attrdef,3,0,0,0,0,0,0,0,0,0,0,0,0,0,0,0,0,0
1430498460.76005,pg_catalog,pg_default_acl,3,0,59,0,0,0,0,0,0,0,0,0,2,57,,,,
1430498460.76005,pg_catalog,pg_aggregate,2,266,44,44,0,0,0,0,133,0,5,45,2,66,,,,
1430498460.76005,pg_toast,pg_toast_12329,0,0,0,0,0,0,0,0,0,0,0,0,0,0,,,,
1430498460.76005,pg_catalog,pg_ts_dict,3,48,0,0,0,0,0,0,16,0,2,2,0,0,,,,
1430498460.76005,public,district,137134,2559580,197120,197120,20,154363,0,153660,20,336,131,5256487,2,197889,,,,
1430498460.76005,public,warehouse,45666,69106,195421,195421,2,75607,0,74118,2,1190,91,2460388,2,196973,,,,
1430498460.76005,pg_catalog,pg_index,44,1756,2063,2461,27,0,17,0,123,17,13,2209,12,2316,,,,
1430498460.76005,pg_catalog,pg_tablespace,27,54,2882,2882,0,0,0,0,2,0,21,2892,47,5741,,,,
1430498460.76005,pg_toast,pg_toast_2619,0,0,1277,3767,185,0,124,0,68,60,61,2258,4,1510,,,,
1430498460.76005,pg_catalog,pg_constraint,5,50,8,0,8,0,0,0,10,0,6,33,8,64,0,0,0,0
1430498460.76005,pg_toast,pg_toast_2618,0,0,72,225,0,0,0,0,0,0,51,47,4,77,,,,
1430498460.76005,pg_catalog,pg_cast,3,594,4726,964,0,0,0,0,198,0,6,966,6,4782,,,,
1430498460.76005,pg_catalog,pg_ts_config,3,48,0,0,0,0,0,0,16,0,2,2,0,0,,,,
1430498460.76005,pg_catalog,pg_ts_parser,3,3,0,0,0,0,0,0,1,0,2,2,0,0,,,,
1430498460.76005,pg_toast,pg_toast_2620,0,0,0,0,0,0,0,0,0,0,0,0,0,0,,,,
1430498460.76005,pg_toast,pg_toast_2396,0,0,0,0,0,0,0,0,0,0,0,0,0,0,,,,
1430498460.76005,pg_catalog,pg_largeobject,2,0,0,0,0,0,0,0,0,0,0,0,0,0,,,,
1430498460.76005,pg_catalog,pg_enum,4,0,0,0,0,0,0,0,0,0,0,0,0,0,,,,
1430498460.76005,pg_catalog,pg_foreign_table,2,0,0,0,0,0,0,0,0,0,0,0,0,0,,,,
1430498460.76005,pg_catalog,pg_collation,3,1806,0,0,0,0,0,0,602,0,38,38,0,0,,,,
1430498460.76005,pg_catalog,pg_am,132,144,0,0,0,0,0,0,5,0,3,130,0,0,,,,
1430498460.76005,pg_catalog,pg_proc,3,8073,1185,1551,6,0,0,0,2691,0,168,1480,33,2515,0,0,0,0
1430498460.76005,pg_catalog,pg_shdepend,12,12,1362,341,0,0,0,0,1,0,9,348,36,1416,,,,
1430498460.76005,public,new_order,4,72000,138800,132902,96756,0,63120,0,32840,17082,514,719368,583,872375,,,,
1430498460.76005,pg_catalog,pg_language,4,16,10,10,0,0,0,0,4,0,2,13,4,18,,,,
1430498460.76005,pg_catalog,pg_range,2,12,2,0,0,0,0,0,6,0,2,1,2,2,,,,
1430498460.76005,pg_catalog,pg_attribute,48,7904,5839,21547,1401,20,1219,3,2491,0,148,10645,48,17540,,,,
1430498460.76005,pg_catalog,pg_database,1379,5364,55543,55533,5,0,4,0,4,0,4,56929,84,64912,,,,
1430498460.76005,pg_catalog,pg_conversion,4,528,0,0,0,0,0,0,132,0,6,9,0,0,,,,
1430498460.76005,pg_catalog,pg_type,3,1093,2304,1945,173,0,151,0,361,0,30,2350,20,5258,,,,
1430498460.76005,pg_catalog,pg_trigger,4,0,0,0,0,0,0,0,0,0,0,0,0,0,0,0,0,0
1430498460.76005,information_schema,sql_implementation_info,1,12,,,0,0,0,0,12,0,2,0,,,0,0,0,0
1430498460.76005,information_schema,sql_languages,1,4,,,0,0,0,0,4,0,2,0,,,0,0,0,0
1430498460.76005,pg_toast,pg_toast_12309,0,0,0,0,0,0,0,0,0,0,0,0,0,0,,,,
1430498460.76005,pg_toast,pg_toast_12334,0,0,0,0,0,0,0,0,0,0,0,0,0,0,,,,
1430498460.76005,public,orders,6,360000,145729,163908,138756,69400,0,53735,138072,17873,2216,355739,1525,1007804,,,,
1430498460.76005,pg_catalog,pg_amop,4,1744,742,949,0,0,0,0,436,0,12,957,23,1589,,,,
1430498460.76005,pg_toast,pg_toast_1255,0,0,0,0,0,0,0,0,0,0,0,0,0,0,,,,
1430498460.76005,pg_toast,pg_toast_12314,0,0,0,0,0,0,0,0,0,0,0,0,0,0,,,,
1430498460.76005,pg_toast,pg_toast_12324,0,0,0,0,0,0,0,0,0,0,0,0,0,0,,,,
1430498460.76005,pg_catalog,pg_amproc,11,1048,450,674,0,0,0,0,344,0,9,456,9,1009,,,,
1430498460.76005,pg_toast,pg_toast_2964,0,0,0,0,0,0,0,0,0,0,0,0,0,0,,,,
1430498460.76005,pg_catalog,pg_ts_template,3,15,0,0,0,0,0,0,5,0,2,2,0,0,,,,
1430498460.76005,public,history,1,60000,,,135607,0,0,0,135517,0,3460,80192,,,,,,
1430498460.76005,pg_catalog,pg_db_role_setting,12,0,18920,0,0,0,0,0,0,0,0,0,21,18899,0,0,0,0
1430498460.76005,pg_toast,pg_toast_2609,0,0,0,0,0,0,0,0,0,0,0,0,0,0,,,,
1430498460.76005,information_schema,sql_parts,1,9,,,0,0,0,0,9,0,2,0,,,0,0,0,0
1430498460.76005,pg_catalog,pg_class,129,19257,6788,6025,122,324,101,68,316,0,34,8324,33,12479,,,,
1430498460.76005,pg_catalog,pg_seclabel,2,0,252,0,0,0,0,0,0,0,0,0,2,250,0,0,0,0
1430498460.76005,pg_catalog,pg_ts_config_map,2,608,0,0,0,0,0,0,304,0,4,2,0,0,,,,
1430498460.76005,information_schema,sql_sizing,1,23,,,0,0,0,0,23,0,2,0,,,0,0,0,0
1430498460.76005,pg_toast,pg_toast_12339,0,0,0,0,0,0,0,0,0,0,0,0,0,0,,,,
1430498460.76005,information_schema,sql_packages,1,10,,,0,0,0,0,10,0,2,0,,,0,0,0,0
1430498460.76005,public,item,4,400000,827188,826398,100000,0,0,0,100000,0,3845,832919,276,1657985,,,,
1430498460.76005,pg_toast,pg_toast_2606,0,0,0,0,0,0,0,0,0,0,0,0,0,0,,,,
1430498460.76005,pg_catalog,pg_pltemplate,8,64,0,0,0,0,0,0,8,0,8,4,0,0,,,,
1430498460.76005,pg_catalog,pg_auth_members,12,0,0,0,0,0,0,0,0,0,0,0,0,0,,,,
1430498460.76005,pg_catalog,pg_depend,3,20120,2731,2507,348,0,256,0,6672,256,103,3172,39,6884,,,,
1430498460.76005,pg_toast,pg_toast_2604,0,0,0,0,0,0,0,0,0,0,0,0,0,0,,,,
1430498460.76005,pg_catalog,pg_shseclabel,8,0,4,0,0,0,0,0,0,0,0,0,4,0,,,,
1430498460.76005,public,customer,6,360000,355845,874321,60000,145007,0,131179,59986,5801,33130,1134017,777,1157444,,,,
1430498460.76005,information_schema,sql_features,1,672,,,0,0,0,0,672,0,14,0,,,0,0,0,0
1430498460.76005,pg_toast,pg_toast_12319,0,0,0,0,0,0,0,0,0,0,0,0,0,0,,,,
1430498460.76005,public,stock,4,800000,1877194,1662700,200000,826398,0,0,199115,283034,58592,2811063,1544,8136542,,,,
1430498460.76005,pg_catalog,pg_description,2,7372,252,0,0,0,0,0,3686,0,64,32,6,501,0,0,0,0
1430498460.76005,pg_catalog,pg_namespace,9,54,516,414,0,0,0,0,6,0,3,421,12,628,,,,
1430498460.76005,information_schema,sql_sizing_profiles,1,0,,,0,0,0,0,0,0,0,0,,,0,0,0,0
1430498460.76005,pg_catalog,pg_foreign_server,3,0,0,0,0,0,0,0,0,0,0,0,0,0,,,,
1430498520.77327,pg_catalog,pg_operator,3,2295,898,5368,0,0,0,0,765,0,42,3775,20,1929,,,,
1430498520.77327,pg_catalog,pg_extension,3,3,0,0,0,0,0,0,1,0,2,2,0,0,,,,
1430498520.77327,pg_catalog,pg_authid,300,300,7464,7464,0,0,0,0,1,0,21,7747,76,14852,,,,
1430498520.77327,pg_catalog,pg_statistic,2,798,7080,6883,92,713,0,297,491,73,91,8911,13,15271,61,2957,4,1963
1430498520.77327,pg_catalog,pg_opfamily,3,258,0,0,0,0,0,0,86,0,4,4,0,0,,,,
1430498520.77327,pg_catalog,pg_shdescription,12,33,4,0,0,0,0,0,3,0,9,7,9,0,0,0,0,0
1430498520.77327,pg_catalog,pg_event_trigger,3,0,27,0,0,0,0,0,0,0,0,0,2,25,,,,
1430498520.77327,pg_catalog,pg_user_mapping,3,0,0,0,0,0,0,0,0,0,0,0,0,0,,,,
1430498520.77327,pg_catalog,pg_inherits,3,0,84,0,0,0,0,0,0,0,0,0,2,82,,,,
1430498520.77327,pg_toast,pg_toast_3596,0,0,0,0,0,0,0,0,0,0,0,0,0,0,,,,
1430498520.77327,pg_catalog,pg_rewrite,3,327,23,23,0,0,0,0,109,0,27,40,2,38,51,54,8,170
1430498520.77327,public,order_line,4,2274320,229333,2586188,1818631,1073897,0,626605,1771429,294864,69117,4698513,12838,5831570,,,,
1430498520.77327,pg_catalog,pg_foreign_data_wrapper,3,0,0,0,0,0,0,0,0,0,0,0,0,0,,,,
1430498520.77327,pg_catalog,pg_largeobject_metadata,2,0,0,0,0,0,0,0,0,0,0,0,0,0,,,,
1430498520.77327,pg_catalog,pg_opclass,15,396,746,10093,0,0,0,0,128,0,9,3677,12,909,,,,
1430498520.77327,pg_catalog,pg_attrdef,3,0,0,0,0,0,0,0,0,0,0,0,0,0,0,0,0,0
1430498520.77327,pg_catalog,pg_default_acl,3,0,59,0,0,0,0,0,0,0,0,0,2,57,,,,
1430498520.77327,pg_catalog,pg_aggregate,2,266,45,45,0,0,0,0,133,0,5,46,2,68,,,,
1430498520.77327,pg_toast,pg_toast_12329,0,0,0,0,0,0,0,0,0,0,0,0,0,0,,,,
1430498520.77327,pg_catalog,pg_ts_dict,3,48,0,0,0,0,0,0,16,0,2,2,0,0,,,,
1430498520.77327,public,district,137134,2559580,363133,363133,20,233194,0,232067,20,482,131,5730924,2,364347,,,,
1430498520.77327,public,warehouse,45666,69106,312757,312757,2,114112,0,111843,2,1324,108,3438802,2,315110,,,,
1430498520.77327,pg_catalog,pg_index,63,2385,2449,2901,27,0,17,0,123,17,13,2631,12,2715,,,,
1430498520.77327,pg_catalog,pg_tablespace,27,54,2887,2887,0,0,0,0,2,0,21,2897,47,5751,,,,
1430498520.77327,pg_toast,pg_toast_2619,0,0,1671,4959,241,0,180,0,68,116,61,2957,4,1963,,,,
1430498520.77327,pg_catalog,pg_constraint,5,50,8,0,8,0,0,0,10,0,6,33,8,64,0,0,0,0
1430498520.77327,pg_toast,pg_toast_2618,0,0,77,241,0,0,0,0,0,0,51,54,4,85,,,,
1430498520.77327,pg_catalog,pg_cast,3,594,4909,1012,0,0,0,0,198,0,6,1014,6,4971,,,,
1430498520.77327,pg_catalog,pg_ts_config,3,48,0,0,0,0,0,0,16,0,2,2,0,0,,,,
1430498520.77327,pg_catalog,pg_ts_parser,3,3,0,0,0,0,0,0,1,0,2,2,0,0,,,,
1430498520.77327,pg_toast,pg_toast_2620,0,0,0,0,0,0,0,0,0,0,0,0,0,0,,,,
1430498520.77327,pg_toast,pg_toast_2396,0,0,0,0,0,0,0,0,0,0,0,0,0,0,,,,
1430498520.77327,pg_catalog,pg_largeobject,2,0,0,0,0,0,0,0,0,0,0,0,0,0,,,,
1430498520.77327,pg_catalog,pg_enum,4,0,0,0,0,0,0,0,0,0,0,0,0,0,,,,
1430498520.77327,pg_catalog,pg_foreign_table,2,0,0,0,0,0,0,0,0,0,0,0,0,0,,,,
1430498520.77327,pg_catalog,pg_collation,3,1806,0,0,0,0,0,0,602,0,38,38,0,0,,,,
1430498520.77327,pg_catalog,pg_am,139,151,0,0,0,0,0,0,5,0,3,137,0,0,,,,
1430498520.77327,pg_catalog,pg_proc,3,8073,1263,1664,6,0,0,0,2691,0,168,1573,33,2681,0,0,0,0
1430498520.77327,pg_catalog,pg_shdepend,12,12,1362,341,0,0,0,0,1,0,9,348,36,1416,,,,
1430498520.77327,public,new_order,4,72000,208320,199387,137082,0,94560,0,41360,18300,554,1135167,709,1432406,,,,
1430498520.77327,pg_catalog,pg_language,4,16,10,10,0,0,0,0,4,0,2,13,4,18,,,,
1430498520.77327,pg_catalog,pg_range,2,12,2,0,0,0,0,0,6,0,2,1,2,2,,,,
1430498520.77327,pg_catalog,pg_attribute,70,8054,6740,26222,1401,20,1219,3,2491,0,148,12176,48,19353,,,,
1430498520.77327,pg_catalog,pg_database,1382,5376,55588,55578,5,0,4,0,4,0,4,56977,84,64971,,,,
1430498520.77327,pg_catalog,pg_conversion,4,528,0,0,0,0,0,0,132,0,6,9,0,0,,,,
1430498520.77327,pg_catalog,pg_type,3,1093,2403,2044,173,0,151,0,361,0,30,2449,20,5462,,,,
1430498520.77327,pg_catalog,pg_trigger,4,0,0,0,0,0,0,0,0,0,0,0,0,0,0,0,0,0
1430498520.77327,information_schema,sql_implementation_info,1,12,,,0,0,0,0,12,0,2,0,,,0,0,0,0
1430498520.77327,information_schema,sql_languages,1,4,,,0,0,0,0,4,0,2,0,,,0,0,0,0
1430498520.77327,pg_toast,pg_toast_12309,0,0,0,0,0,0,0,0,0,0,0,0,0,0,,,,
1430498520.77327,pg_toast,pg_toast_12334,0,0,0,0,0,0,0,0,0,0,0,0,0,0,,,,
1430498520.77327,public,orders,6,360000,218776,261188,179082,104160,0,81949,177987,25663,2579,547232,1968,1510302,,,,
1430498520.77327,pg_catalog,pg_amop,4,1744,799,1015,0,0,0,0,436,0,12,1023,23,1713,,,,
1430498520.77327,pg_toast,pg_toast_1255,0,0,0,0,0,0,0,0,0,0,0,0,0,0,,,,
1430498520.77327,pg_toast,pg_toast_12314,0,0,0,0,0,0,0,0,0,0,0,0,0,0,,,,
1430498520.77327,pg_toast,pg_toast_12324,0,0,0,0,0,0,0,0,0,0,0,0,0,0,,,,
1430498520.77327,pg_catalog,pg_amproc,15,1056,527,782,0,0,0,0,344,0,9,542,9,1170,,,,
1430498520.77327,pg_toast,pg_toast_2964,0,0,0,0,0,0,0,0,0,0,0,0,0,0,,,,
1430498520.77327,pg_catalog,pg_ts_template,3,15,0,0,0,0,0,0,5,0,2,2,0,0,,,,
1430498520.77327,public,history,1,60000,,,174112,0,0,0,174138,0,4554,120694,,,,,,
1430498520.77327,pg_catalog,pg_db_role_setting,12,0,18948,0,0,0,0,0,0,0,0,0,21,18927,0,0,0,0
1430498520.77327,pg_toast,pg_toast_2609,0,0,0,0,0,0,0,0,0,0,0,0,0,0,,,,
1430498520.77327,information_schema,sql_parts,1,9,,,0,0,0,0,9,0,2,0,,,0,0,0,0
1430498520.77327,pg_catalog,pg_class,161,22140,8194,7308,122,324,101,68,316,0,34,9789,33,14132,,,,
1430498520.77327,pg_catalog,pg_seclabel,2,0,252,0,0,0,0,0,0,0,0,0,2,250,0,0,0,0
1430498520.77327,pg_catalog,pg_ts_config_map,2,608,0,0,0,0,0,0,304,0,4,2,0,0,,,,
1430498520.77327,information_schema,sql_sizing,1,23,,,0,0,0,0,23,0,2,0,,,0,0,0,0
1430498520.77327,pg_toast,pg_toast_12339,0,0,0,0,0,0,0,0,0,0,0,0,0,0,,,,
1430498520.77327,information_schema,sql_packages,1,10,,,0,0,0,0,10,0,2,0,,,0,0,0,0
1430498520.77327,public,item,4,400000,1251255,1250052,100000,0,0,0,100000,0,3845,1256573,276,2508159,,,,
1430498520.77327,pg_toast,pg_toast_2606,0,0,0,0,0,0,0,0,0,0,0,0,0,0,,,,
1430498520.77327,pg_catalog,pg_pltemplate,8,64,0,0,0,0,0,0,8,0,8,4,0,0,,,,
1430498520.77327,pg_catalog,pg_auth_members,12,0,0,0,0,0,0,0,0,0,0,0,0,0,,,,
1430498520.77327,pg_catalog,pg_depend,3,20120,2731,2507,348,0,256,0,6672,256,103,3172,39,6884,,,,
1430498520.77327,pg_toast,pg_toast_2604,0,0,0,0,0,0,0,0,0,0,0,0,0,0,,,,
1430498520.77327,pg_catalog,pg_shseclabel,8,0,4,0,0,0,0,0,0,0,0,0,4,0,,,,
1430498520.77327,public,customer,6,360000,536714,1336124,60000,218272,0,200062,60004,10320,33130,1722935,788,1729782,,,,
1430498520.77327,information_schema,sql_features,1,672,,,0,0,0,0,672,0,14,0,,,0,0,0,0
1430498520.77327,pg_toast,pg_toast_12319,0,0,0,0,0,0,0,0,0,0,0,0,0,0,,,,
1430498520.77327,public,stock,4,800000,2834109,2514796,200000,1250051,0,0,199419,281479,58938,4237298,1548,12292583,,,,
1430498520.77327,pg_catalog,pg_description,2,7372,252,0,0,0,0,0,3686,0,64,32,6,501,0,0,0,0
1430498520.77327,pg_catalog,pg_namespace,11,66,656,549,0,0,0,0,6,0,3,558,12,776,,,,
1430498520.77327,information_schema,sql_sizing_profiles,1,0,,,0,0,0,0,0,0,0,0,,,0,0,0,0
1430498520.77327,pg_catalog,pg_foreign_server,3,0,0,0,0,0,0,0,0,0,0,0,0,0,,,,
1430498580.773,pg_catalog,pg_operator,3,2295,921,5391,0,0,0,0,765,0,42,3798,20,1984,,,,
1430498580.773,pg_catalog,pg_extension,3,3,0,0,0,0,0,0,1,0,2,2,0,0,,,,
1430498580.773,pg_catalog,pg_authid,301,301,7475,7475,0,0,0,0,1,0,21,7759,76,14874,,,,
1430498580.773,pg_catalog,pg_statistic,2,798,8772,8569,92,800,0,370,491,131,91,10746,13,18689,61,3803,4,2415
1430498580.773,pg_catalog,pg_opfamily,3,258,0,0,0,0,0,0,86,0,4,4,0,0,,,,
1430498580.773,pg_catalog,pg_shdescription,12,33,4,0,0,0,0,0,3,0,9,7,9,0,0,0,0,0
1430498580.773,pg_catalog,pg_event_trigger,3,0,27,0,0,0,0,0,0,0,0,0,2,25,,,,
1430498580.773,pg_catalog,pg_user_mapping,3,0,0,0,0,0,0,0,0,0,0,0,0,0,,,,
1430498580.773,pg_catalog,pg_inherits,3,0,84,0,0,0,0,0,0,0,0,0,2,82,,,,
1430498580.773,pg_toast,pg_toast_3596,0,0,0,0,0,0,0,0,0,0,0,0,0,0,,,,
1430498580.773,pg_catalog,pg_rewrite,3,327,30,30,0,0,0,0,109,0,27,47,2,50,51,61,8,186
1430498580.773,public,order_line,4,2274320,307456,3469304,2239555,1447741,0,879444,2177902,104550,75044,6236674,16181,7718655,,,,
1430498580.773,pg_catalog,pg_foreign_data_wrapper,3,0,0,0,0,0,0,0,0,0,0,0,0,0,,,,
1430498580.773,pg_catalog,pg_largeobject_metadata,2,0,0,0,0,0,0,0,0,0,0,0,0,0,,,,
1430498580.773,pg_catalog,pg_opclass,15,396,778,10550,0,0,0,0,128,0,9,3833,12,952,,,,
1430498580.773,pg_catalog,pg_attrdef,3,0,0,0,0,0,0,0,0,0,0,0,0,0,0,0,0,0
1430498580.773,pg_catalog,pg_default_acl,3,0,59,0,0,0,0,0,0,0,0,0,2,57,,,,
1430498580.773,pg_catalog,pg_aggregate,2,266,46,46,0,0,0,0,133,0,5,47,2,70,,,,
1430498580.773,pg_toast,pg_toast_12329,0,0,0,0,0,0,0,0,0,0,0,0,0,0,,,,
1430498580.773,pg_catalog,pg_ts_dict,3,48,0,0,0,0,0,0,16,0,2,2,0,0,,,,
1430498580.773,public,district,137134,2559580,528796,528796,20,312120,0,310605,20,417,159,6288795,2,530419,,,,
1430498580.773,public,warehouse,45666,69106,430445,430445,2,152874,0,149825,2,1129,108,4414283,2,433599,,,,
1430498580.773,pg_catalog,pg_index,68,3000,2766,3272,27,0,17,0,123,17,13,2962,12,3045,,,,
1430498580.773,pg_catalog,pg_tablespace,27,54,2892,2892,0,0,0,0,2,0,21,2902,47,5761,,,,
1430498580.773,pg_toast,pg_toast_2619,0,0,2065,6151,297,0,236,0,70,58,61,3803,4,2415,,,,
1430498580.773,pg_catalog,pg_constraint,5,50,8,0,8,0,0,0,10,0,6,33,8,64,0,0,0,0
1430498580.773,pg_toast,pg_toast_2618,0,0,82,257,0,0,0,0,0,0,51,61,4,93,,,,
1430498580.773,pg_catalog,pg_cast,3,594,5092,1060,0,0,0,0,198,0,6,1062,6,5160,,,,
1430498580.773,pg_catalog,pg_ts_config,3,48,0,0,0,0,0,0,16,0,2,2,0,0,,,,
1430498580.773,pg_catalog,pg_ts_parser,3,3,0,0,0,0,0,0,1,0,2,2,0,0,,,,
1430498580.773,pg_toast,pg_toast_2620,0,0,0,0,0,0,0,0,0,0,0,0,0,0,,,,
1430498580.773,pg_toast,pg_toast_2396,0,0,0,0,0,0,0,0,0,0,0,0,0,0,,,,
1430498580.773,pg_catalog,pg_largeobject,2,0,0,0,0,0,0,0,0,0,0,0,0,0,,,,
1430498580.773,pg_catalog,pg_enum,4,0,0,0,0,0,0,0,0,0,0,0,0,0,,,,
1430498580.773,pg_catalog,pg_foreign_table,2,0,0,0,0,0,0,0,0,0,0,0,0,0,,,,
1430498580.773,pg_catalog,pg_collation,3,1806,0,0,0,0,0,0,602,0,38,38,0,0,,,,
1430498580.773,pg_catalog,pg_am,146,158,0,0,0,0,0,0,5,0,3,144,0,0,,,,
1430498580.773,pg_catalog,pg_proc,3,8073,1341,1777,6,0,0,0,2691,0,168,1666,33,2847,0,0,0,0
1430498580.773,pg_catalog,pg_shdepend,12,12,1362,341,0,0,0,0,1,0,9,348,36,1416,,,,
1430498580.773,public,new_order,4,72000,279420,267291,177246,0,126770,0,48931,18415,634,1600454,773,2012725,,,,
1430498580.773,pg_catalog,pg_language,4,16,10,10,0,0,0,0,4,0,2,13,4,18,,,,
1430498580.773,pg_catalog,pg_range,2,12,2,0,0,0,0,0,6,0,2,1,2,2,,,,
1430498580.773,pg_catalog,pg_attribute,70,8054,7489,30034,1401,20,1219,3,2491,0,148,13258,48,20860,,,,
1430498580.773,pg_catalog,pg_database,1385,5388,55632,55622,5,0,4,0,4,0,4,57024,84,65029,,,,
1430498580.773,pg_catalog,pg_conversion,4,528,0,0,0,0,0,0,132,0,6,9,0,0,,,,
1430498580.773,pg_catalog,pg_type,3,1093,2502,2143,173,0,151,0,361,0,30,2548,20,5666,,,,
1430498580.773,pg_catalog,pg_trigger,4,0,0,0,0,0,0,0,0,0,0,0,0,0,0,0,0,0
1430498580.773,information_schema,sql_implementation_info,1,12,,,0,0,0,0,12,0,2,0,,,0,0,0,0
1430498580.773,information_schema,sql_languages,1,4,,,0,0,0,0,4,0,2,0,,,0,0,0,0
1430498580.773,pg_toast,pg_toast_12309,0,0,0,0,0,0,0,0,0,0,0,0,0,0,,,,
1430498580.773,pg_toast,pg_toast_12334,0,0,0,0,0,0,0,0,0,0,0,0,0,0,,,,
1430498580.773,public,orders,6,360000,293390,368555,219246,139710,0,110532,217739,33555,2954,750980,2554,2019332,,,,
1430498580.773,pg_catalog,pg_amop,4,1744,856,1081,0,0,0,0,436,0,12,1089,23,1837,,,,
1430498580.773,pg_toast,pg_toast_1255,0,0,0,0,0,0,0,0,0,0,0,0,0,0,,,,
1430498580.773,pg_toast,pg_toast_12314,0,0,0,0,0,0,0,0,0,0,0,0,0,0,,,,
1430498580.773,pg_toast,pg_toast_12324,0,0,0,0,0,0,0,0,0,0,0,0,0,0,,,,
1430498580.773,pg_catalog,pg_amproc,15,1056,555,818,0,0,0,0,344,0,9,567,9,1233,,,,
1430498580.773,pg_toast,pg_toast_2964,0,0,0,0,0,0,0,0,0,0,0,0,0,0,,,,
1430498580.773,pg_catalog,pg_ts_template,3,15,0,0,0,0,0,0,5,0,2,2,0,0,,,,
1430498580.773,public,history,1,60000,,,212874,0,0,0,212904,0,5645,161899,,,,,,
1430498580.773,pg_catalog,pg_db_role_setting,12,0,18976,0,0,0,0,0,0,0,0,0,21,18955,0,0,0,0
1430498580.773,pg_toast,pg_toast_2609,0,0,0,0,0,0,0,0,0,0,0,0,0,0,,,,
1430498580.773,information_schema,sql_parts,1,9,,,0,0,0,0,9,0,2,0,,,0,0,0,0
1430498580.773,pg_catalog,pg_class,171,25001,9491,8482,122,324,101,68,316,0,34,11066,33,15706,,,,
1430498580.773,pg_catalog,pg_seclabel,2,0,252,0,0,0,0,0,0,0,0,0,2,250,0,0,0,0
1430498580.773,pg_catalog,pg_ts_config_map,2,608,0,0,0,0,0,0,304,0,4,2,0,0,,,,
1430498580.773,information_schema,sql_sizing,1,23,,,0,0,0,0,23,0,2,0,,,0,0,0,0
1430498580.773,pg_toast,pg_toast_12339,0,0,0,0,0,0,0,0,0,0,0,0,0,0,,,,
1430498580.773,information_schema,sql_packages,1,10,,,0,0,0,0,10,0,2,0,,,0,0,0,0
1430498580.773,public,item,4,400000,1672587,1670976,100000,0,0,0,100000,0,3845,1677497,276,3352836,,,,
1430498580.773,pg_toast,pg_toast_2606,0,0,0,0,0,0,0,0,0,0,0,0,0,0,,,,
1430498580.773,pg_catalog,pg_pltemplate,8,64,0,0,0,0,0,0,8,0,8,4,0,0,,,,
1430498580.773,pg_catalog,pg_auth_members,12,0,0,0,0,0,0,0,0,0,0,0,0,0,,,,
1430498580.773,pg_catalog,pg_depend,3,20120,2731,2507,348,0,256,0,6672,256,103,3172,39,6884,,,,
1430498580.773,pg_toast,pg_toast_2604,0,0,0,0,0,0,0,0,0,0,0,0,0,0,,,,
1430498580.773,pg_catalog,pg_shseclabel,8,0,4,0,0,0,0,0,0,0,0,0,4,0,,,,
1430498580.773,public,customer,6,360000,718871,1801667,60000,292584,0,271467,60004,14132,33306,2307641,800,2297223,,,,
1430498580.773,information_schema,sql_features,1,672,,,0,0,0,0,672,0,14,0,,,0,0,0,0
1430498580.773,pg_toast,pg_toast_12319,0,0,0,0,0,0,0,0,0,0,0,0,0,0,,,,
1430498580.773,public,stock,4,800000,3775538,3361095,200000,1670975,0,0,199482,274265,59180,5660216,1554,16393292,,,,
1430498580.773,pg_catalog,pg_description,2,7372,252,0,0,0,0,0,3686,0,64,32,6,501,0,0,0,0
1430498580.773,pg_catalog,pg_namespace,13,78,796,684,0,0,0,0,6,0,3,695,12,924,,,,
1430498580.773,information_schema,sql_sizing_profiles,1,0,,,0,0,0,0,0,0,0,0,,,0,0,0,0
1430498580.773,pg_catalog,pg_foreign_server,3,0,0,0,0,0,0,0,0,0,0,0,0,0,,,,
1430498640.78684,pg_catalog,pg_operator,3,2295,944,5414,0,0,0,0,765,0,42,3821,20,2039,,,,
1430498640.78684,pg_catalog,pg_extension,3,3,0,0,0,0,0,0,1,0,2,2,0,0,,,,
1430498640.78684,pg_catalog,pg_authid,302,302,7486,7486,0,0,0,0,1,0,21,7771,76,14896,,,,
1430498640.78684,pg_catalog,pg_statistic,2,798,10275,10066,92,878,0,438,491,157,91,12365,13,21721,61,4501,4,2866
1430498640.78684,pg_catalog,pg_opfamily,3,258,0,0,0,0,0,0,86,0,4,4,0,0,,,,
1430498640.78684,pg_catalog,pg_shdescription,12,33,4,0,0,0,0,0,3,0,9,7,9,0,0,0,0,0
1430498640.78684,pg_catalog,pg_event_trigger,3,0,27,0,0,0,0,0,0,0,0,0,2,25,,,,
1430498640.78684,pg_catalog,pg_user_mapping,3,0,0,0,0,0,0,0,0,0,0,0,0,0,,,,
1430498640.78684,pg_catalog,pg_inherits,3,0,84,0,0,0,0,0,0,0,0,0,2,82,,,,
1430498640.78684,pg_toast,pg_toast_3596,0,0,0,0,0,0,0,0,0,0,0,0,0,0,,,,
1430498640.78684,pg_catalog,pg_rewrite,3,327,37,37,0,0,0,0,109,0,27,54,2,62,51,68,8,202
1430498640.78684,public,order_line,4,2274320,387459,4386782,2660268,1829725,0,1130332,2589754,289920,83014,7748537,19281,9627985,,,,
1430498640.78684,pg_catalog,pg_foreign_data_wrapper,3,0,0,0,0,0,0,0,0,0,0,0,0,0,,,,
1430498640.78684,pg_catalog,pg_largeobject_metadata,2,0,0,0,0,0,0,0,0,0,0,0,0,0,,,,
1430498640.78684,pg_catalog,pg_opclass,15,396,810,11007,0,0,0,0,128,0,9,3989,12,994,,,,
1430498640.78684,pg_catalog,pg_attrdef,3,0,0,0,0,0,0,0,0,0,0,0,0,0,0,0,0,0
1430498640.78684,pg_catalog,pg_default_acl,3,0,59,0,0,0,0,0,0,0,0,0,2,57,,,,
1430498640.78684,pg_catalog,pg_aggregate,2,266,47,47,0,0,0,0,133,0,5,48,2,72,,,,
1430498640.78684,pg_toast,pg_toast_12329,0,0,0,0,0,0,0,0,0,0,0,0,0,0,,,,
1430498640.78684,pg_catalog,pg_ts_dict,3,48,0,0,0,0,0,0,16,0,2,2,0,0,,,,
1430498640.78684,public,district,137134,2559580,695364,695364,20,390956,0,389034,20,83,159,6748147,2,697415,,,,
1430498640.78684,public,warehouse,45666,69106,548003,548003,2,191596,0,187752,2,1263,108,5375748,2,551973,,,,
1430498640.78684,pg_catalog,pg_index,73,3615,3060,3641,27,0,17,0,123,17,13,3270,12,3351,,,,
1430498640.78684,pg_catalog,pg_tablespace,27,54,2897,2897,0,0,0,0,2,0,21,2907,47,5771,,,,
1430498640.78684,pg_toast,pg_toast_2619,0,0,2459,7343,353,0,292,0,70,114,61,4501,4,2866,,,,
1430498640.78684,pg_catalog,pg_constraint,5,50,8,0,8,0,0,0,10,0,6,33,8,64,0,0,0,0
1430498640.78684,pg_toast,pg_toast_2618,0,0,87,273,0,0,0,0,0,0,51,68,4,101,,,,
1430498640.78684,pg_catalog,pg_cast,3,594,5275,1108,0,0,0,0,198,0,6,1110,6,5349,,,,
1430498640.78684,pg_catalog,pg_ts_config,3,48,0,0,0,0,0,0,16,0,2,2,0,0,,,,
1430498640.78684,pg_catalog,pg_ts_parser,3,3,0,0,0,0,0,0,1,0,2,2,0,0,,,,
1430498640.78684,pg_toast,pg_toast_2620,0,0,0,0,0,0,0,0,0,0,0,0,0,0,,,,
1430498640.78684,pg_toast,pg_toast_2396,0,0,0,0,0,0,0,0,0,0,0,0,0,0,,,,
1430498640.78684,pg_catalog,pg_largeobject,2,0,0,0,0,0,0,0,0,0,0,0,0,0,,,,
1430498640.78684,pg_catalog,pg_enum,4,0,0,0,0,0,0,0,0,0,0,0,0,0,,,,
1430498640.78684,pg_catalog,pg_foreign_table,2,0,0,0,0,0,0,0,0,0,0,0,0,0,,,,
1430498640.78684,pg_catalog,pg_collation,3,1806,0,0,0,0,0,0,602,0,38,38,0,0,,,,
1430498640.78684,pg_catalog,pg_am,152,164,0,0,0,0,0,0,5,0,3,150,0,0,,,,
1430498640.78684,pg_catalog,pg_proc,3,8073,1419,1890,6,0,0,0,2691,0,168,1759,33,3013,0,0,0,0
1430498640.78684,pg_catalog,pg_shdepend,12,12,1362,341,0,0,0,0,1,0,9,348,36,1416,,,,
1430498640.78684,public,new_order,4,72000,352180,336929,217360,0,159820,0,55515,11445,654,2106674,903,2669242,,,,
1430498640.78684,pg_catalog,pg_language,4,16,10,10,0,0,0,0,4,0,2,13,4,18,,,,
1430498640.78684,pg_catalog,pg_range,2,12,2,0,0,0,0,0,6,0,2,1,2,2,,,,
1430498640.78684,pg_catalog,pg_attribute,70,8054,8226,34061,1401,20,1219,3,2491,0,148,14328,48,22342,,,,
1430498640.78684,pg_catalog,pg_database,1388,5400,55678,55668,5,0,4,0,4,0,4,57073,84,65089,,,,
1430498640.78684,pg_catalog,pg_conversion,4,528,0,0,0,0,0,0,132,0,6,9,0,0,,,,
1430498640.78684,pg_catalog,pg_type,3,1093,2601,2242,173,0,151,0,361,0,30,2647,20,5870,,,,
1430498640.78684,pg_catalog,pg_trigger,4,0,0,0,0,0,0,0,0,0,0,0,0,0,0,0,0,0
1430498640.78684,information_schema,sql_implementation_info,1,12,,,0,0,0,0,12,0,2,0,,,0,0,0,0
1430498640.78684,information_schema,sql_languages,1,4,,,0,0,0,0,4,0,2,0,,,0,0,0,0
1430498640.78684,pg_toast,pg_toast_12309,0,0,0,0,0,0,0,0,0,0,0,0,0,0,,,,
1430498640.78684,pg_toast,pg_toast_12334,0,0,0,0,0,0,0,0,0,0,0,0,0,0,,,,
1430498640.78684,public,orders,6,360000,369740,486922,259360,176090,0,139207,257517,42616,3324,969085,3113,2537797,,,,
1430498640.78684,pg_catalog,pg_amop,4,1744,913,1147,0,0,0,0,436,0,12,1155,23,1961,,,,
1430498640.78684,pg_toast,pg_toast_1255,0,0,0,0,0,0,0,0,0,0,0,0,0,0,,,,
1430498640.78684,pg_toast,pg_toast_12314,0,0,0,0,0,0,0,0,0,0,0,0,0,0,,,,
1430498640.78684,pg_toast,pg_toast_12324,0,0,0,0,0,0,0,0,0,0,0,0,0,0,,,,
1430498640.78684,pg_catalog,pg_amproc,15,1056,583,854,0,0,0,0,344,0,9,592,9,1295,,,,
1430498640.78684,pg_toast,pg_toast_2964,0,0,0,0,0,0,0,0,0,0,0,0,0,0,,,,
1430498640.78684,pg_catalog,pg_ts_template,3,15,0,0,0,0,0,0,5,0,2,2,0,0,,,,
1430498640.78684,public,history,1,60000,,,251596,0,0,0,251742,0,6733,203602,,,,,,
1430498640.78684,pg_catalog,pg_db_role_setting,12,0,19004,0,0,0,0,0,0,0,0,0,21,18983,0,0,0,0
1430498640.78684,pg_toast,pg_toast_2609,0,0,0,0,0,0,0,0,0,0,0,0,0,0,,,,
1430498640.78684,information_schema,sql_parts,1,9,,,0,0,0,0,9,0,2,0,,,0,0,0,0
1430498640.78684,pg_catalog,pg_class,181,27862,10776,9644,122,324,101,68,316,0,34,12331,33,17263,,,,
1430498640.78684,pg_catalog,pg_seclabel,2,0,252,0,0,0,0,0,0,0,0,0,2,250,0,0,0,0
1430498640.78684,pg_catalog,pg_ts_config_map,2,608,0,0,0,0,0,0,304,0,4,2,0,0,,,,
1430498640.78684,information_schema,sql_sizing,1,23,,,0,0,0,0,23,0,2,0,,,0,0,0,0
1430498640.78684,pg_toast,pg_toast_12339,0,0,0,0,0,0,0,0,0,0,0,0,0,0,,,,
1430498640.78684,information_schema,sql_packages,1,10,,,0,0,0,0,10,0,2,0,,,0,0,0,0
1430498640.78684,public,item,4,400000,2093711,2091689,100000,0,0,0,100000,0,3845,2098210,276,4197102,,,,
1430498640.78684,pg_toast,pg_toast_2606,0,0,0,0,0,0,0,0,0,0,0,0,0,0,,,,
1430498640.78684,pg_catalog,pg_pltemplate,8,64,0,0,0,0,0,0,8,0,8,4,0,0,,,,
1430498640.78684,pg_catalog,pg_auth_members,12,0,0,0,0,0,0,0,0,0,0,0,0,0,,,,
1430498640.78684,pg_catalog,pg_depend,3,20120,2731,2507,348,0,256,0,6672,256,103,3172,39,6884,,,,
1430498640.78684,pg_toast,pg_toast_2604,0,0,0,0,0,0,0,0,0,0,0,0,0,0,,,,
1430498640.78684,pg_catalog,pg_shseclabel,8,0,4,0,0,0,0,0,0,0,0,0,4,0,,,,
1430498640.78684,public,customer,6,360000,901868,2239151,60000,367686,0,343911,59989,5913,33351,2885171,801,2866422,,,,
1430498640.78684,information_schema,sql_features,1,672,,,0,0,0,0,672,0,14,0,,,0,0,0,0
1430498640.78684,pg_toast,pg_toast_12319,0,0,0,0,0,0,0,0,0,0,0,0,0,0,,,,
1430498640.78684,public,stock,4,800000,4734130,4208178,200000,2091688,0,0,199497,199066,59372,7089428,1557,20545769,,,,
1430498640.78684,pg_catalog,pg_description,2,7372,252,0,0,0,0,0,3686,0,64,32,6,501,0,0,0,0
1430498640.78684,pg_catalog,pg_namespace,15,90,935,818,0,0,0,0,6,0,3,831,12,1071,,,,
1430498640.78684,information_schema,sql_sizing_profiles,1,0,,,0,0,0,0,0,0,0,0,,,0,0,0,0
1430498640.78684,pg_catalog,pg_foreign_server,3,0,0,0,0,0,0,0,0,0,0,0,0,0,,,,
1430498700.79742,pg_catalog,pg_operator,3,2295,968,5438,0,0,0,0,765,0,42,3845,20,2097,,,,
1430498700.79742,pg_catalog,pg_extension,3,3,0,0,0,0,0,0,1,0,2,2,0,0,,,,
1430498700.79742,pg_catalog,pg_authid,303,303,7497,7497,0,0,0,0,1,0,21,7783,76,14918,,,,
1430498700.79742,pg_catalog,pg_statistic,2,798,11782,11565,92,956,0,504,491,156,91,13981,13,24766,66,5292,4,3336
1430498700.79742,pg_catalog,pg_opfamily,3,258,0,0,0,0,0,0,86,0,4,4,0,0,,,,
1430498700.79742,pg_catalog,pg_shdescription,12,33,4,0,0,0,0,0,3,0,9,7,9,0,0,0,0,0
1430498700.79742,pg_catalog,pg_event_trigger,3,0,27,0,0,0,0,0,0,0,0,0,2,25,,,,
1430498700.79742,pg_catalog,pg_user_mapping,3,0,0,0,0,0,0,0,0,0,0,0,0,0,,,,
1430498700.79742,pg_catalog,pg_inherits,3,0,84,0,0,0,0,0,0,0,0,0,2,82,,,,
1430498700.79742,pg_toast,pg_toast_3596,0,0,0,0,0,0,0,0,0,0,0,0,0,0,,,,
1430498700.79742,pg_catalog,pg_rewrite,3,327,45,45,0,0,0,0,109,0,27,62,2,76,51,76,8,222
1430498700.79742,public,order_line,4,2274320,466612,5298044,3078466,2207473,0,1332166,3025569,541976,91177,9462631,22359,11661901,,,,
1430498700.79742,pg_catalog,pg_foreign_data_wrapper,3,0,0,0,0,0,0,0,0,0,0,0,0,0,,,,
1430498700.79742,pg_catalog,pg_largeobject_metadata,2,0,0,0,0,0,0,0,0,0,0,0,0,0,,,,
1430498700.79742,pg_catalog,pg_opclass,15,396,842,11464,0,0,0,0,128,0,9,4145,12,1035,,,,
1430498700.79742,pg_catalog,pg_attrdef,3,0,0,0,0,0,0,0,0,0,0,0,0,0,0,0,0,0
1430498700.79742,pg_catalog,pg_default_acl,3,0,59,0,0,0,0,0,0,0,0,0,2,57,,,,
1430498700.79742,pg_catalog,pg_aggregate,2,266,48,48,0,0,0,0,133,0,5,49,2,74,,,,
1430498700.79742,pg_toast,pg_toast_12329,0,0,0,0,0,0,0,0,0,0,0,0,0,0,,,,
1430498700.79742,pg_catalog,pg_ts_dict,3,48,0,0,0,0,0,0,16,0,2,2,0,0,,,,
1430498700.79742,public,district,137134,2559580,859612,859612,20,468629,0,466328,20,163,159,7250233,2,862063,,,,
1430498700.79742,public,warehouse,45666,69106,663637,663637,2,229557,0,224946,2,983,109,6295140,2,668395,,,,
1430498700.79742,pg_catalog,pg_index,78,4230,3359,3996,27,0,17,0,123,17,13,3583,12,3662,,,,
1430498700.79742,pg_catalog,pg_tablespace,27,54,2902,2902,0,0,0,0,2,0,21,2912,47,5781,,,,
1430498700.79742,pg_toast,pg_toast_2619,0,0,2853,8535,409,0,348,0,70,56,66,5292,4,3336,,,,
1430498700.79742,pg_catalog,pg_constraint,5,50,8,0,8,0,0,0,10,0,6,33,8,64,0,0,0,0
1430498700.79742,pg_toast,pg_toast_2618,0,0,93,291,0,0,0,0,0,0,51,76,4,111,,,,
1430498700.79742,pg_catalog,pg_cast,3,594,5465,1161,0,0,0,0,198,0,6,1163,6,5546,,,,
1430498700.79742,pg_catalog,pg_ts_config,3,48,0,0,0,0,0,0,16,0,2,2,0,0,,,,
1430498700.79742,pg_catalog,pg_ts_parser,3,3,0,0,0,0,0,0,1,0,2,2,0,0,,,,
1430498700.79742,pg_toast,pg_toast_2620,0,0,0,0,0,0,0,0,0,0,0,0,0,0,,,,
1430498700.79742,pg_toast,pg_toast_2396,0,0,0,0,0,0,0,0,0,0,0,0,0,0,,,,
1430498700.79742,pg_catalog,pg_largeobject,2,0,0,0,0,0,0,0,0,0,0,0,0,0,,,,
1430498700.79742,pg_catalog,pg_enum,4,0,0,0,0,0,0,0,0,0,0,0,0,0,,,,
1430498700.79742,pg_catalog,pg_foreign_table,2,0,0,0,0,0,0,0,0,0,0,0,0,0,,,,
1430498700.79742,pg_catalog,pg_collation,3,1806,0,0,0,0,0,0,602,0,38,38,0,0,,,,
1430498700.79742,pg_catalog,pg_am,157,169,0,0,0,0,0,0,5,0,3,155,0,0,,,,
1430498700.79742,pg_catalog,pg_proc,3,8073,1503,2016,6,0,0,0,2691,0,168,1861,33,3193,0,0,0,0
1430498700.79742,pg_catalog,pg_shdepend,12,12,1362,341,0,0,0,0,1,0,9,348,36,1416,,,,
1430498700.79742,public,new_order,4,72000,424260,405347,257072,0,191940,0,62711,12411,714,2602259,940,3249273,,,,
1430498700.79742,pg_catalog,pg_language,4,16,10,10,0,0,0,0,4,0,2,13,4,18,,,,
1430498700.79742,pg_catalog,pg_range,2,12,2,0,0,0,0,0,6,0,2,1,2,2,,,,
1430498700.79742,pg_catalog,pg_attribute,70,8054,8996,37790,1401,20,1219,3,2491,0,148,15413,48,23889,,,,
1430498700.79742,pg_catalog,pg_database,1391,5412,55725,55715,5,0,4,0,4,0,4,57123,84,65150,,,,
1430498700.79742,pg_catalog,pg_conversion,4,528,0,0,0,0,0,0,132,0,6,9,0,0,,,,
1430498700.79742,pg_catalog,pg_type,3,1093,2716,2357,173,0,151,0,361,0,30,2762,20,6107,,,,
1430498700.79742,pg_catalog,pg_trigger,4,0,0,0,0,0,0,0,0,0,0,0,0,0,0,0,0,0
1430498700.79742,information_schema,sql_implementation_info,1,12,,,0,0,0,0,12,0,2,0,,,0,0,0,0
1430498700.79742,information_schema,sql_languages,1,4,,,0,0,0,0,4,0,2,0,,,0,0,0,0
1430498700.79742,pg_toast,pg_toast_12309,0,0,0,0,0,0,0,0,0,0,0,0,0,0,,,,
1430498700.79742,pg_toast,pg_toast_12334,0,0,0,0,0,0,0,0,0,0,0,0,0,0,,,,
1430498700.79742,public,orders,6,360000,445277,612944,299072,212130,0,167791,296765,51149,3692,1194199,3569,3049753,,,,
1430498700.79742,pg_catalog,pg_amop,4,1744,976,1221,0,0,0,0,436,0,12,1229,23,2099,,,,
1430498700.79742,pg_toast,pg_toast_1255,0,0,0,0,0,0,0,0,0,0,0,0,0,0,,,,
1430498700.79742,pg_toast,pg_toast_12314,0,0,0,0,0,0,0,0,0,0,0,0,0,0,,,,
1430498700.79742,pg_toast,pg_toast_12324,0,0,0,0,0,0,0,0,0,0,0,0,0,0,,,,
1430498700.79742,pg_catalog,pg_amproc,15,1056,612,891,0,0,0,0,344,0,9,618,9,1358,,,,
1430498700.79742,pg_toast,pg_toast_2964,0,0,0,0,0,0,0,0,0,0,0,0,0,0,,,,
1430498700.79742,pg_catalog,pg_ts_template,3,15,0,0,0,0,0,0,5,0,2,2,0,0,,,,
1430498700.79742,public,history,1,60000,,,289557,0,0,0,289529,0,7812,244952,,,,,,
1430498700.79742,pg_catalog,pg_db_role_setting,12,0,19032,0,0,0,0,0,0,0,0,0,21,19011,0,0,0,0
1430498700.79742,pg_toast,pg_toast_2609,0,0,0,0,0,0,0,0,0,0,0,0,0,0,,,,
1430498700.79742,information_schema,sql_parts,1,9,,,0,0,0,0,9,0,2,0,,,0,0,0,0
1430498700.79742,pg_catalog,pg_class,191,30723,12056,10801,122,324,101,68,316,0,34,13592,33,18801,,,,
1430498700.79742,pg_catalog,pg_seclabel,2,0,252,0,0,0,0,0,0,0,0,0,2,250,0,0,0,0
1430498700.79742,pg_catalog,pg_ts_config_map,2,608,0,0,0,0,0,0,304,0,4,2,0,0,,,,
1430498700.79742,information_schema,sql_sizing,1,23,,,0,0,0,0,23,0,2,0,,,0,0,0,0
1430498700.79742,pg_toast,pg_toast_12339,0,0,0,0,0,0,0,0,0,0,0,0,0,0,,,,
1430498700.79742,information_schema,sql_packages,1,10,,,0,0,0,0,10,0,2,0,,,0,0,0,0
1430498700.79742,public,item,4,400000,2512299,2509888,100000,0,0,0,100000,0,3845,2516409,276,5036232,,,,
1430498700.79742,pg_toast,pg_toast_2606,0,0,0,0,0,0,0,0,0,0,0,0,0,0,,,,
1430498700.79742,pg_catalog,pg_pltemplate,8,64,0,0,0,0,0,0,8,0,8,4,0,0,,,,
1430498700.79742,pg_catalog,pg_auth_members,12,0,0,0,0,0,0,0,0,0,0,0,0,0,,,,
1430498700.79742,pg_catalog,pg_depend,3,20120,2731,2507,348,0,256,0,6672,256,103,3172,39,6884,,,,
1430498700.79742,pg_toast,pg_toast_2604,0,0,0,0,0,0,0,0,0,0,0,0,0,0,,,,
1430498700.79742,pg_catalog,pg_shseclabel,8,0,4,0,0,0,0,0,0,0,0,0,4,0,,,,
1430498700.79742,public,customer,6,360000,1081808,2686533,60000,441687,0,414299,59999,10209,33351,3456583,807,3431332,,,,
1430498700.79742,information_schema,sql_features,1,672,,,0,0,0,0,672,0,14,0,,,0,0,0,0
1430498700.79742,pg_toast,pg_toast_12319,0,0,0,0,0,0,0,0,0,0,0,0,0,0,,,,
1430498700.79742,public,stock,4,800000,5690546,5050178,200000,2509886,0,0,199584,198447,59399,8507444,1558,24684255,,,,
1430498700.79742,pg_catalog,pg_description,2,7372,252,0,0,0,0,0,3686,0,64,32,6,501,0,0,0,0
1430498700.79742,pg_catalog,pg_namespace,17,102,1078,955,0,0,0,0,6,0,3,970,12,1223,,,,
1430498700.79742,information_schema,sql_sizing_profiles,1,0,,,0,0,0,0,0,0,0,0,,,0,0,0,0
1430498700.79742,pg_catalog,pg_foreign_server,3,0,0,0,0,0,0,0,0,0,0,0,0,0,,,,
1430498760.81602,pg_catalog,pg_operator,3,2295,991,5461,0,0,0,0,765,0,42,3868,20,2152,,,,
1430498760.81602,pg_catalog,pg_extension,3,3,0,0,0,0,0,0,1,0,2,2,0,0,,,,
1430498760.81602,pg_catalog,pg_authid,304,304,7507,7507,0,0,0,0,1,0,21,7794,76,14938,,,,
1430498760.81602,pg_catalog,pg_statistic,2,798,13277,13054,92,1026,0,566,491,59,91,15667,13,27803,66,5981,4,3785
1430498760.81602,pg_catalog,pg_opfamily,3,258,0,0,0,0,0,0,86,0,4,4,0,0,,,,
1430498760.81602,pg_catalog,pg_shdescription,12,33,4,0,0,0,0,0,3,0,9,7,9,0,0,0,0,0
1430498760.81602,pg_catalog,pg_event_trigger,3,0,27,0,0,0,0,0,0,0,0,0,2,25,,,,
1430498760.81602,pg_catalog,pg_user_mapping,3,0,0,0,0,0,0,0,0,0,0,0,0,0,,,,
1430498760.81602,pg_catalog,pg_inherits,3,0,84,0,0,0,0,0,0,0,0,0,2,82,,,,
1430498760.81602,pg_toast,pg_toast_3596,0,0,0,0,0,0,0,0,0,0,0,0,0,0,,,,
1430498760.81602,pg_catalog,pg_rewrite,3,327,52,52,0,0,0,0,109,0,27,69,2,88,51,83,8,238
1430498760.81602,public,order_line,4,2274320,546332,6207182,3493703,2589130,0,1590676,3447362,74877,97486,11057053,25515,13553116,,,,
1430498760.81602,pg_catalog,pg_foreign_data_wrapper,3,0,0,0,0,0,0,0,0,0,0,0,0,0,,,,
1430498760.81602,pg_catalog,pg_largeobject_metadata,2,0,0,0,0,0,0,0,0,0,0,0,0,0,,,,
1430498760.81602,pg_catalog,pg_opclass,19,400,883,11930,0,0,0,0,128,0,9,4314,12,1086,,,,
1430498760.81602,pg_catalog,pg_attrdef,3,0,0,0,0,0,0,0,0,0,0,0,0,0,0,0,0,0
1430498760.81602,pg_catalog,pg_default_acl,3,0,59,0,0,0,0,0,0,0,0,0,2,57,,,,
1430498760.81602,pg_catalog,pg_aggregate,2,266,49,49,0,0,0,0,133,0,5,50,2,76,,,,
1430498760.81602,pg_toast,pg_toast_12329,0,0,0,0,0,0,0,0,0,0,0,0,0,0,,,,
1430498760.81602,pg_catalog,pg_ts_dict,3,48,0,0,0,0,0,0,16,0,2,2,0,0,,,,
1430498760.81602,public,district,137134,2559580,1022221,1022221,20,545730,0,543127,20,202,159,7707635,2,1024995,,,,
1430498760.81602,public,warehouse,45666,69106,778220,778220,2,267039,0,261660,2,1252,109,7198359,2,783767,,,,
1430498760.81602,pg_catalog,pg_index,97,4859,3758,4450,27,0,17,0,123,17,13,4019,12,4073,,,,
1430498760.81602,pg_catalog,pg_tablespace,27,54,2907,2907,0,0,0,0,2,0,21,2917,47,5791,,,,
1430498760.81602,pg_toast,pg_toast_2619,0,0,3244,9743,464,0,402,0,71,110,66,5981,4,3785,,,,
1430498760.81602,pg_catalog,pg_constraint,5,50,8,0,8,0,0,0,10,0,6,33,8,64,0,0,0,0
1430498760.81602,pg_toast,pg_toast_2618,0,0,98,307,0,0,0,0,0,0,51,83,4,119,,,,
1430498760.81602,pg_catalog,pg_cast,3,594,5648,1209,0,0,0,0,198,0,6,1211,6,5735,,,,
1430498760.81602,pg_catalog,pg_ts_config,3,48,0,0,0,0,0,0,16,0,2,2,0,0,,,,
1430498760.81602,pg_catalog,pg_ts_parser,3,3,0,0,0,0,0,0,1,0,2,2,0,0,,,,
1430498760.81602,pg_toast,pg_toast_2620,0,0,0,0,0,0,0,0,0,0,0,0,0,0,,,,
1430498760.81602,pg_toast,pg_toast_2396,0,0,0,0,0,0,0,0,0,0,0,0,0,0,,,,
1430498760.81602,pg_catalog,pg_largeobject,2,0,0,0,0,0,0,0,0,0,0,0,0,0,,,,
1430498760.81602,pg_catalog,pg_enum,4,0,0,0,0,0,0,0,0,0,0,0,0,0,,,,
1430498760.81602,pg_catalog,pg_foreign_table,2,0,0,0,0,0,0,0,0,0,0,0,0,0,,,,
1430498760.81602,pg_catalog,pg_collation,3,1806,0,0,0,0,0,0,602,0,38,38,0,0,,,,
1430498760.81602,pg_catalog,pg_am,163,175,0,0,0,0,0,0,5,0,3,161,0,0,,,,
1430498760.81602,pg_catalog,pg_proc,3,8073,1581,2129,6,0,0,0,2691,0,168,1954,33,3359,0,0,0,0
1430498760.81602,pg_catalog,pg_shdepend,12,12,1362,341,0,0,0,0,1,0,9,348,36,1416,,,,
1430498760.81602,public,new_order,4,72000,496920,474310,296691,0,224430,0,69535,12830,754,3102736,940,3839315,,,,
1430498760.81602,pg_catalog,pg_language,4,16,10,10,0,0,0,0,4,0,2,13,4,18,,,,
1430498760.81602,pg_catalog,pg_range,2,12,2,0,0,0,0,0,6,0,2,1,2,2,,,,
1430498760.81602,pg_catalog,pg_attribute,92,8204,9901,42601,1401,20,1219,3,2491,0,148,16956,48,25709,,,,
1430498760.81602,pg_catalog,pg_database,1393,5420,55765,55755,5,0,4,0,4,0,4,57165,84,65202,,,,
1430498760.81602,pg_catalog,pg_conversion,4,528,0,0,0,0,0,0,132,0,6,9,0,0,,,,
1430498760.81602,pg_catalog,pg_type,3,1093,2815,2456,173,0,151,0,361,0,30,2861,20,6311,,,,
1430498760.81602,pg_catalog,pg_trigger,4,0,0,0,0,0,0,0,0,0,0,0,0,0,0,0,0,0
1430498760.81602,information_schema,sql_implementation_info,1,12,,,0,0,0,0,12,0,2,0,,,0,0,0,0
1430498760.81602,information_schema,sql_languages,1,4,,,0,0,0,0,4,0,2,0,,,0,0,0,0
1430498760.81602,pg_toast,pg_toast_12309,0,0,0,0,0,0,0,0,0,0,0,0,0,0,,,,
1430498760.81602,pg_toast,pg_toast_12334,0,0,0,0,0,0,0,0,0,0,0,0,0,0,,,,
1430498760.81602,public,orders,6,360000,521461,754692,338691,248460,0,196718,336033,59861,4061,1435884,3995,3562793,,,,
1430498760.81602,pg_catalog,pg_amop,4,1744,1033,1287,0,0,0,0,436,0,12,1295,23,2223,,,,
1430498760.81602,pg_toast,pg_toast_1255,0,0,0,0,0,0,0,0,0,0,0,0,0,0,,,,
1430498760.81602,pg_toast,pg_toast_12314,0,0,0,0,0,0,0,0,0,0,0,0,0,0,,,,
1430498760.81602,pg_toast,pg_toast_12324,0,0,0,0,0,0,0,0,0,0,0,0,0,0,,,,
1430498760.81602,pg_catalog,pg_amproc,19,1064,649,938,0,0,0,0,344,0,9,664,9,1438,,,,
1430498760.81602,pg_toast,pg_toast_2964,0,0,0,0,0,0,0,0,0,0,0,0,0,0,,,,
1430498760.81602,pg_catalog,pg_ts_template,3,15,0,0,0,0,0,0,5,0,2,2,0,0,,,,
1430498760.81602,public,history,1,60000,,,327039,0,0,0,327011,0,8240,283290,,,,,,
1430498760.81602,pg_catalog,pg_db_role_setting,12,0,19056,0,0,0,0,0,0,0,0,0,21,19035,0,0,0,0
1430498760.81602,pg_toast,pg_toast_2609,0,0,0,0,0,0,0,0,0,0,0,0,0,0,,,,
1430498760.81602,information_schema,sql_parts,1,9,,,0,0,0,0,9,0,2,0,,,0,0,0,0
1430498760.81602,pg_catalog,pg_class,223,33606,13500,12122,122,324,101,68,316,0,34,15095,33,20504,,,,
1430498760.81602,pg_catalog,pg_seclabel,2,0,252,0,0,0,0,0,0,0,0,0,2,250,0,0,0,0
1430498760.81602,pg_catalog,pg_ts_config_map,2,608,0,0,0,0,0,0,304,0,4,2,0,0,,,,
1430498760.81602,information_schema,sql_sizing,1,23,,,0,0,0,0,23,0,2,0,,,0,0,0,0
1430498760.81602,pg_toast,pg_toast_12339,0,0,0,0,0,0,0,0,0,0,0,0,0,0,,,,
1430498760.81602,information_schema,sql_packages,1,10,,,0,0,0,0,10,0,2,0,,,0,0,0,0
1430498760.81602,public,item,4,400000,2927925,2925125,100000,0,0,0,100000,0,3845,2931646,276,5869400,,,,
1430498760.81602,pg_toast,pg_toast_2606,0,0,0,0,0,0,0,0,0,0,0,0,0,0,,,,
1430498760.81602,pg_catalog,pg_pltemplate,8,64,0,0,0,0,0,0,8,0,8,4,0,0,,,,
1430498760.81602,pg_catalog,pg_auth_members,12,0,0,0,0,0,0,0,0,0,0,0,0,0,,,,
1430498760.81602,pg_catalog,pg_depend,3,20120,2731,2507,348,0,256,0,6672,256,103,3172,39,6884,,,,
1430498760.81602,pg_toast,pg_toast_2604,0,0,0,0,0,0,0,0,0,0,0,0,0,0,,,,
1430498760.81602,pg_catalog,pg_shseclabel,8,0,4,0,0,0,0,0,0,0,0,0,4,0,,,,
1430498760.81602,public,customer,6,360000,1260880,3141927,60000,515499,0,484983,60005,12710,33351,4031596,810,3990730,,,,
1430498760.81602,information_schema,sql_features,1,672,,,0,0,0,0,672,0,14,0,,,0,0,0,0
1430498760.81602,pg_toast,pg_toast_12319,0,0,0,0,0,0,0,0,0,0,0,0,0,0,,,,
1430498760.81602,public,stock,4,800000,6630395,5885623,200000,2925123,0,0,199542,190895,59424,9895639,1558,28764018,,,,
1430498760.81602,pg_catalog,pg_description,2,7372,252,0,0,0,0,0,3686,0,64,32,6,501,0,0,0,0
1430498760.81602,pg_catalog,pg_namespace,19,114,1218,1090,0,0,0,0,6,0,3,1107,12,1371,,,,
1430498760.81602,information_schema,sql_sizing_profiles,1,0,,,0,0,0,0,0,0,0,0,,,0,0,0,0
1430498760.81602,pg_catalog,pg_foreign_server,3,0,0,0,0,0,0,0,0,0,0,0,0,0,,,,
1430498820.8038,pg_catalog,pg_operator,3,2295,1013,5483,0,0,0,0,765,0,42,3890,20,2204,,,,
1430498820.8038,pg_catalog,pg_extension,3,3,0,0,0,0,0,0,1,0,2,2,0,0,,,,
1430498820.8038,pg_catalog,pg_authid,305,305,7519,7519,0,0,0,0,1,0,21,7807,76,14962,,,,
1430498820.8038,pg_catalog,pg_statistic,2,798,14755,14528,92,1103,0,639,491,113,91,17249,13,30772,66,6822,4,4213
1430498820.8038,pg_catalog,pg_opfamily,3,258,0,0,0,0,0,0,86,0,4,4,0,0,,,,
1430498820.8038,pg_catalog,pg_shdescription,12,33,4,0,0,0,0,0,3,0,9,7,9,0,0,0,0,0
1430498820.8038,pg_catalog,pg_event_trigger,3,0,27,0,0,0,0,0,0,0,0,0,2,25,,,,
1430498820.8038,pg_catalog,pg_user_mapping,3,0,0,0,0,0,0,0,0,0,0,0,0,0,,,,
1430498820.8038,pg_catalog,pg_inherits,3,0,84,0,0,0,0,0,0,0,0,0,2,82,,,,
1430498820.8038,pg_toast,pg_toast_3596,0,0,0,0,0,0,0,0,0,0,0,0,0,0,,,,
1430498820.8038,pg_catalog,pg_rewrite,3,327,58,58,0,0,0,0,109,0,27,75,2,98,51,89,8,250
1430498820.8038,public,order_line,4,2274320,626379,7140182,3921716,2971947,0,1857751,3871472,244589,99473,12528870,28617,15438335,,,,
1430498820.8038,pg_catalog,pg_foreign_data_wrapper,3,0,0,0,0,0,0,0,0,0,0,0,0,0,,,,
1430498820.8038,pg_catalog,pg_largeobject_metadata,2,0,0,0,0,0,0,0,0,0,0,0,0,0,,,,
1430498820.8038,pg_catalog,pg_opclass,19,400,912,12384,0,0,0,0,128,0,9,4467,12,1123,,,,
1430498820.8038,pg_catalog,pg_attrdef,3,0,0,0,0,0,0,0,0,0,0,0,0,0,0,0,0,0
1430498820.8038,pg_catalog,pg_default_acl,3,0,59,0,0,0,0,0,0,0,0,0,2,57,,,,
1430498820.8038,pg_catalog,pg_aggregate,2,266,50,50,0,0,0,0,133,0,5,51,2,78,,,,
1430498820.8038,pg_toast,pg_toast_12329,0,0,0,0,0,0,0,0,0,0,0,0,0,0,,,,
1430498820.8038,pg_catalog,pg_ts_dict,3,48,0,0,0,0,0,0,16,0,2,2,0,0,,,,
1430498820.8038,public,district,137134,2559580,1190719,1190719,20,625482,0,622717,20,499,159,8142947,2,1193676,,,,
1430498820.8038,public,warehouse,45666,69106,896974,896974,2,306041,0,299872,2,1325,109,8005499,2,903332,,,,
1430498820.8038,pg_catalog,pg_index,102,5474,4047,4833,27,0,17,0,123,17,13,4322,12,4371,,,,
1430498820.8038,pg_catalog,pg_tablespace,27,54,2912,2912,0,0,0,0,2,0,21,2922,47,5801,,,,
1430498820.8038,pg_toast,pg_toast_2619,0,0,3615,10913,519,0,457,0,71,55,66,6822,4,4213,,,,
1430498820.8038,pg_catalog,pg_constraint,5,50,8,0,8,0,0,0,10,0,6,33,8,64,0,0,0,0
1430498820.8038,pg_toast,pg_toast_2618,0,0,102,321,0,0,0,0,0,0,51,89,4,125,,,,
1430498820.8038,pg_catalog,pg_cast,3,594,5824,1252,0,0,0,0,198,0,6,1254,6,5916,,,,
1430498820.8038,pg_catalog,pg_ts_config,3,48,0,0,0,0,0,0,16,0,2,2,0,0,,,,
1430498820.8038,pg_catalog,pg_ts_parser,3,3,0,0,0,0,0,0,1,0,2,2,0,0,,,,
1430498820.8038,pg_toast,pg_toast_2620,0,0,0,0,0,0,0,0,0,0,0,0,0,0,,,,
1430498820.8038,pg_toast,pg_toast_2396,0,0,0,0,0,0,0,0,0,0,0,0,0,0,,,,
1430498820.8038,pg_catalog,pg_largeobject,2,0,0,0,0,0,0,0,0,0,0,0,0,0,,,,
1430498820.8038,pg_catalog,pg_enum,4,0,0,0,0,0,0,0,0,0,0,0,0,0,,,,
1430498820.8038,pg_catalog,pg_foreign_table,2,0,0,0,0,0,0,0,0,0,0,0,0,0,,,,
1430498820.8038,pg_catalog,pg_collation,3,1806,0,0,0,0,0,0,602,0,38,38,0,0,,,,
1430498820.8038,pg_catalog,pg_am,167,179,0,0,0,0,0,0,5,0,3,165,0,0,,,,
1430498820.8038,pg_catalog,pg_proc,3,8073,1653,2229,6,0,0,0,2691,0,168,2038,33,3511,0,0,0,0
1430498820.8038,pg_catalog,pg_shdepend,12,12,1362,341,0,0,0,0,1,0,9,348,36,1416,,,,
1430498820.8038,public,new_order,4,72000,569540,543635,337441,0,257250,0,76960,11567,806,3431629,1013,4449434,,,,
1430498820.8038,pg_catalog,pg_language,4,16,10,10,0,0,0,0,4,0,2,13,4,18,,,,
1430498820.8038,pg_catalog,pg_range,2,12,2,0,0,0,0,0,6,0,2,1,2,2,,,,
1430498820.8038,pg_catalog,pg_attribute,92,8204,10599,46484,1401,20,1219,3,2491,0,148,17989,48,27111,,,,
1430498820.8038,pg_catalog,pg_database,1397,5436,55813,55803,5,0,4,0,4,0,4,57217,84,65266,,,,
1430498820.8038,pg_catalog,pg_conversion,4,528,0,0,0,0,0,0,132,0,6,9,0,0,,,,
1430498820.8038,pg_catalog,pg_type,3,1093,2898,2539,173,0,151,0,361,0,30,2944,20,6482,,,,
1430498820.8038,pg_catalog,pg_trigger,4,0,0,0,0,0,0,0,0,0,0,0,0,0,0,0,0,0
1430498820.8038,information_schema,sql_implementation_info,1,12,,,0,0,0,0,12,0,2,0,,,0,0,0,0
1430498820.8038,information_schema,sql_languages,1,4,,,0,0,0,0,4,0,2,0,,,0,0,0,0
1430498820.8038,pg_toast,pg_toast_12309,0,0,0,0,0,0,0,0,0,0,0,0,0,0,,,,
1430498820.8038,pg_toast,pg_toast_12334,0,0,0,0,0,0,0,0,0,0,0,0,0,0,,,,
1430498820.8038,public,orders,6,360000,597780,908002,379441,284770,0,227520,376085,1931,4319,1697442,4547,4076004,,,,
1430498820.8038,pg_catalog,pg_amop,4,1744,1084,1345,0,0,0,0,436,0,12,1353,23,2333,,,,
1430498820.8038,pg_toast,pg_toast_1255,0,0,0,0,0,0,0,0,0,0,0,0,0,0,,,,
1430498820.8038,pg_toast,pg_toast_12314,0,0,0,0,0,0,0,0,0,0,0,0,0,0,,,,
1430498820.8038,pg_toast,pg_toast_12324,0,0,0,0,0,0,0,0,0,0,0,0,0,0,,,,
1430498820.8038,pg_catalog,pg_amproc,19,1064,673,967,0,0,0,0,344,0,9,685,9,1490,,,,
1430498820.8038,pg_toast,pg_toast_2964,0,0,0,0,0,0,0,0,0,0,0,0,0,0,,,,
1430498820.8038,pg_catalog,pg_ts_template,3,15,0,0,0,0,0,0,5,0,2,2,0,0,,,,
1430498820.8038,public,history,1,60000,,,366041,0,0,0,365979,0,9332,326589,,,,,,
1430498820.8038,pg_catalog,pg_db_role_setting,12,0,19088,0,0,0,0,0,0,0,0,0,21,19067,0,0,0,0
1430498820.8038,pg_toast,pg_toast_2609,0,0,0,0,0,0,0,0,0,0,0,0,0,0,,,,
1430498820.8038,information_schema,sql_parts,1,9,,,0,0,0,0,9,0,2,0,,,0,0,0,0
1430498820.8038,pg_catalog,pg_class,233,36467,14766,13265,122,324,101,68,316,0,34,16342,33,22042,,,,
1430498820.8038,pg_catalog,pg_seclabel,2,0,252,0,0,0,0,0,0,0,0,0,2,250,0,0,0,0
1430498820.8038,pg_catalog,pg_ts_config_map,2,608,0,0,0,0,0,0,304,0,4,2,0,0,,,,
1430498820.8038,information_schema,sql_sizing,1,23,,,0,0,0,0,23,0,2,0,,,0,0,0,0
1430498820.8038,pg_toast,pg_toast_12339,0,0,0,0,0,0,0,0,0,0,0,0,0,0,,,,
1430498820.8038,information_schema,sql_packages,1,10,,,0,0,0,0,10,0,2,0,,,0,0,0,0
1430498820.8038,public,item,4,400000,3356341,3353138,100000,0,0,0,100000,0,3845,3359659,276,6728281,,,,
1430498820.8038,pg_toast,pg_toast_2606,0,0,0,0,0,0,0,0,0,0,0,0,0,0,,,,
1430498820.8038,pg_catalog,pg_pltemplate,8,64,0,0,0,0,0,0,8,0,8,4,0,0,,,,
1430498820.8038,pg_catalog,pg_auth_members,12,0,0,0,0,0,0,0,0,0,0,0,0,0,,,,
1430498820.8038,pg_catalog,pg_depend,3,20120,2731,2507,348,0,256,0,6672,256,103,3172,39,6884,,,,
1430498820.8038,pg_toast,pg_toast_2604,0,0,0,0,0,0,0,0,0,0,0,0,0,0,,,,
1430498820.8038,pg_catalog,pg_shseclabel,8,0,4,0,0,0,0,0,0,0,0,0,4,0,,,,
1430498820.8038,public,customer,6,360000,1445193,3577842,60000,590811,0,558975,59986,4299,33366,4600983,810,4555855,,,,
1430498820.8038,information_schema,sql_features,1,672,,,0,0,0,0,672,0,14,0,,,0,0,0,0
1430498820.8038,pg_toast,pg_toast_12319,0,0,0,0,0,0,0,0,0,0,0,0,0,0,,,,
1430498820.8038,public,stock,4,800000,7615665,6747325,200000,3353136,0,0,199571,204516,59437,11260318,1558,33019051,,,,
1430498820.8038,pg_catalog,pg_description,2,7372,252,0,0,0,0,0,3686,0,64,32,6,501,0,0,0,0
1430498820.8038,pg_catalog,pg_namespace,21,126,1355,1223,0,0,0,0,6,0,3,1242,12,1515,,,,
1430498820.8038,information_schema,sql_sizing_profiles,1,0,,,0,0,0,0,0,0,0,0,,,0,0,0,0
1430498820.8038,pg_catalog,pg_foreign_server,3,0,0,0,0,0,0,0,0,0,0,0,0,0,,,,
1430498880.81052,pg_catalog,pg_operator,3,2295,1030,5500,0,0,0,0,765,0,42,3907,20,2246,,,,
1430498880.81052,pg_catalog,pg_extension,3,3,0,0,0,0,0,0,1,0,2,2,0,0,,,,
1430498880.81052,pg_catalog,pg_authid,306,306,7529,7529,0,0,0,0,1,0,21,7818,76,14982,,,,
1430498880.81052,pg_catalog,pg_statistic,2,798,14780,14547,92,1103,0,639,491,113,91,17268,13,30827,66,6822,4,4213
1430498880.81052,pg_catalog,pg_opfamily,3,258,0,0,0,0,0,0,86,0,4,4,0,0,,,,
1430498880.81052,pg_catalog,pg_shdescription,12,33,4,0,0,0,0,0,3,0,9,7,9,0,0,0,0,0
1430498880.81052,pg_catalog,pg_event_trigger,3,0,27,0,0,0,0,0,0,0,0,0,2,25,,,,
1430498880.81052,pg_catalog,pg_user_mapping,3,0,0,0,0,0,0,0,0,0,0,0,0,0,,,,
1430498880.81052,pg_catalog,pg_inherits,3,0,84,0,0,0,0,0,0,0,0,0,2,82,,,,
1430498880.81052,pg_toast,pg_toast_3596,0,0,0,0,0,0,0,0,0,0,0,0,0,0,,,,
1430498880.81052,pg_catalog,pg_rewrite,3,327,65,65,0,0,0,0,109,0,27,82,2,110,51,96,8,266
1430498880.81052,public,order_line,4,2274320,706071,8054673,4351984,3352565,0,2121778,4298126,413829,105232,13957023,31747,17331709,,,,
1430498880.81052,pg_catalog,pg_foreign_data_wrapper,3,0,0,0,0,0,0,0,0,0,0,0,0,0,,,,
1430498880.81052,pg_catalog,pg_largeobject_metadata,2,0,0,0,0,0,0,0,0,0,0,0,0,0,,,,
1430498880.81052,pg_catalog,pg_opclass,19,400,927,12566,0,0,0,0,128,0,9,4534,12,1145,,,,
1430498880.81052,pg_catalog,pg_attrdef,3,0,0,0,0,0,0,0,0,0,0,0,0,0,0,0,0,0
1430498880.81052,pg_catalog,pg_default_acl,3,0,59,0,0,0,0,0,0,0,0,0,2,57,,,,
1430498880.81052,pg_catalog,pg_aggregate,2,266,51,51,0,0,0,0,133,0,5,52,2,80,,,,
1430498880.81052,pg_toast,pg_toast_12329,0,0,0,0,0,0,0,0,0,0,0,0,0,0,,,,
1430498880.81052,pg_catalog,pg_ts_dict,3,48,0,0,0,0,0,0,16,0,2,2,0,0,,,,
1430498880.81052,public,district,137134,2559580,1360051,1360051,20,705686,0,702920,20,353,159,8532260,2,1363009,,,,
1430498880.81052,public,warehouse,45666,69106,1016266,1016266,2,345129,0,338181,2,952,109,8777012,2,1023403,,,,
1430498880.81052,pg_catalog,pg_index,107,6089,4083,4882,27,0,17,0,123,17,13,4373,12,4416,,,,
1430498880.81052,pg_catalog,pg_tablespace,27,54,2917,2917,0,0,0,0,2,0,21,2927,47,5811,,,,
1430498880.81052,pg_toast,pg_toast_2619,0,0,3615,10913,519,0,457,0,71,55,66,6822,4,4213,,,,
1430498880.81052,pg_catalog,pg_constraint,5,50,8,0,8,0,0,0,10,0,6,33,8,64,0,0,0,0
1430498880.81052,pg_toast,pg_toast_2618,0,0,107,337,0,0,0,0,0,0,51,96,4,133,,,,
1430498880.81052,pg_catalog,pg_cast,3,594,5893,1280,0,0,0,0,198,0,6,1282,6,5990,,,,
1430498880.81052,pg_catalog,pg_ts_config,3,48,0,0,0,0,0,0,16,0,2,2,0,0,,,,
1430498880.81052,pg_catalog,pg_ts_parser,3,3,0,0,0,0,0,0,1,0,2,2,0,0,,,,
1430498880.81052,pg_toast,pg_toast_2620,0,0,0,0,0,0,0,0,0,0,0,0,0,0,,,,
1430498880.81052,pg_toast,pg_toast_2396,0,0,0,0,0,0,0,0,0,0,0,0,0,0,,,,
1430498880.81052,pg_catalog,pg_largeobject,2,0,0,0,0,0,0,0,0,0,0,0,0,0,,,,
1430498880.81052,pg_catalog,pg_enum,4,0,0,0,0,0,0,0,0,0,0,0,0,0,,,,
1430498880.81052,pg_catalog,pg_foreign_table,2,0,0,0,0,0,0,0,0,0,0,0,0,0,,,,
1430498880.81052,pg_catalog,pg_collation,3,1806,0,0,0,0,0,0,602,0,38,38,0,0,,,,
1430498880.81052,pg_catalog,pg_am,171,183,0,0,0,0,0,0,5,0,3,169,0,0,,,,
1430498880.81052,pg_catalog,pg_proc,3,8073,1731,2342,6,0,0,0,2691,0,168,2131,33,3677,0,0,0,0
1430498880.81052,pg_catalog,pg_shdepend,12,12,1362,341,0,0,0,0,1,0,9,348,36,1416,,,,
1430498880.81052,public,new_order,4,72000,642080,613049,378557,0,290130,0,84797,44846,905,3725167,1174,5189271,,,,
1430498880.81052,pg_catalog,pg_language,4,16,10,10,0,0,0,0,4,0,2,13,4,18,,,,
1430498880.81052,pg_catalog,pg_range,2,12,2,0,0,0,0,0,6,0,2,1,2,2,,,,
1430498880.81052,pg_catalog,pg_attribute,92,8204,10793,46795,1401,20,1219,3,2491,0,148,18185,48,27505,,,,
1430498880.81052,pg_catalog,pg_database,1399,5444,55857,55847,5,0,4,0,4,0,4,57263,84,65322,,,,
1430498880.81052,pg_catalog,pg_conversion,4,528,0,0,0,0,0,0,132,0,6,9,0,0,,,,
1430498880.81052,pg_catalog,pg_type,3,1093,2990,2631,173,0,151,0,361,0,30,3036,20,6671,,,,
1430498880.81052,pg_catalog,pg_trigger,4,0,0,0,0,0,0,0,0,0,0,0,0,0,0,0,0,0
1430498880.81052,information_schema,sql_implementation_info,1,12,,,0,0,0,0,12,0,2,0,,,0,0,0,0
1430498880.81052,information_schema,sql_languages,1,4,,,0,0,0,0,4,0,2,0,,,0,0,0,0
1430498880.81052,pg_toast,pg_toast_12309,0,0,0,0,0,0,0,0,0,0,0,0,0,0,,,,
1430498880.81052,pg_toast,pg_toast_12334,0,0,0,0,0,0,0,0,0,0,0,0,0,0,,,,
1430498880.81052,public,orders,6,360000,673944,1071226,420557,321040,0,257509,416802,8619,4553,1957756,4972,4591372,,,,
1430498880.81052,pg_catalog,pg_amop,4,1744,1117,1386,0,0,0,0,436,0,12,1394,23,2407,,,,
1430498880.81052,pg_toast,pg_toast_1255,0,0,0,0,0,0,0,0,0,0,0,0,0,0,,,,
1430498880.81052,pg_toast,pg_toast_12314,0,0,0,0,0,0,0,0,0,0,0,0,0,0,,,,
1430498880.81052,pg_toast,pg_toast_12324,0,0,0,0,0,0,0,0,0,0,0,0,0,0,,,,
1430498880.81052,pg_catalog,pg_amproc,19,1064,687,988,0,0,0,0,344,0,9,699,9,1522,,,,
1430498880.81052,pg_toast,pg_toast_2964,0,0,0,0,0,0,0,0,0,0,0,0,0,0,,,,
1430498880.81052,pg_catalog,pg_ts_template,3,15,0,0,0,0,0,0,5,0,2,2,0,0,,,,
1430498880.81052,public,history,1,60000,,,405129,0,0,0,405067,0,9777,366567,,,,,,
1430498880.81052,pg_catalog,pg_db_role_setting,12,0,19112,0,0,0,0,0,0,0,0,0,21,19091,0,0,0,0
1430498880.81052,pg_toast,pg_toast_2609,0,0,0,0,0,0,0,0,0,0,0,0,0,0,,,,
1430498880.81052,information_schema,sql_parts,1,9,,,0,0,0,0,9,0,2,0,,,0,0,0,0
1430498880.81052,pg_catalog,pg_class,239,38363,15066,13442,122,324,101,68,316,0,34,16568,33,22363,,,,
1430498880.81052,pg_catalog,pg_seclabel,2,0,252,0,0,0,0,0,0,0,0,0,2,250,0,0,0,0
1430498880.81052,pg_catalog,pg_ts_config_map,2,608,0,0,0,0,0,0,304,0,4,2,0,0,,,,
1430498880.81052,information_schema,sql_sizing,1,23,,,0,0,0,0,23,0,2,0,,,0,0,0,0
1430498880.81052,pg_toast,pg_toast_12339,0,0,0,0,0,0,0,0,0,0,0,0,0,0,,,,
1430498880.81052,information_schema,sql_packages,1,10,,,0,0,0,0,10,0,2,0,,,0,0,0,0
1430498880.81052,public,item,4,400000,3787008,3783406,100000,0,0,0,100000,0,3845,3789927,276,7591619,,,,
1430498880.81052,pg_toast,pg_toast_2606,0,0,0,0,0,0,0,0,0,0,0,0,0,0,,,,
1430498880.81052,pg_catalog,pg_pltemplate,8,64,0,0,0,0,0,0,8,0,8,4,0,0,,,,
1430498880.81052,pg_catalog,pg_auth_members,12,0,0,0,0,0,0,0,0,0,0,0,0,0,,,,
1430498880.81052,pg_catalog,pg_depend,3,20120,2731,2507,348,0,256,0,6672,256,103,3172,39,6884,,,,
1430498880.81052,pg_toast,pg_toast_2604,0,0,0,0,0,0,0,0,0,0,0,0,0,0,,,,
1430498880.81052,pg_catalog,pg_shseclabel,8,0,4,0,0,0,0,0,0,0,0,0,4,0,,,,
1430498880.81052,public,customer,6,360000,1630046,4036288,60000,666169,0,633207,59986,5473,33366,5165564,810,5120647,,,,
1430498880.81052,information_schema,sql_features,1,672,,,0,0,0,0,672,0,14,0,,,0,0,0,0
1430498880.81052,pg_toast,pg_toast_12319,0,0,0,0,0,0,0,0,0,0,0,0,0,0,,,,
1430498880.81052,public,stock,4,800000,8592026,7613257,200000,3783404,0,0,199571,634784,59442,12576208,1562,37252424,,,,
1430498880.81052,pg_catalog,pg_description,2,7372,252,0,0,0,0,0,3686,0,64,32,6,501,0,0,0,0
1430498880.81052,pg_catalog,pg_namespace,23,138,1493,1356,0,0,0,0,6,0,3,1377,12,1660,,,,
1430498880.81052,information_schema,sql_sizing_profiles,1,0,,,0,0,0,0,0,0,0,0,,,0,0,0,0
1430498880.81052,pg_catalog,pg_foreign_server,3,0,0,0,0,0,0,0,0,0,0,0,0,0,,,,
1430498940.86745,pg_catalog,pg_operator,3,2295,1059,5529,0,0,0,0,765,0,42,3936,20,2314,,,,
1430498940.86745,pg_catalog,pg_extension,3,3,0,0,0,0,0,0,1,0,2,2,0,0,,,,
1430498940.86745,pg_catalog,pg_authid,307,307,7541,7541,0,0,0,0,1,0,21,7831,76,15006,,,,
1430498940.86745,pg_catalog,pg_statistic,2,798,17564,17325,92,1242,0,774,491,150,91,20213,13,36410,75,8283,4,5107
1430498940.86745,pg_catalog,pg_opfamily,3,258,0,0,0,0,0,0,86,0,4,4,0,0,,,,
1430498940.86745,pg_catalog,pg_shdescription,12,33,4,0,0,0,0,0,3,0,9,7,9,0,0,0,0,0
1430498940.86745,pg_catalog,pg_event_trigger,3,0,27,0,0,0,0,0,0,0,0,0,2,25,,,,
1430498940.86745,pg_catalog,pg_user_mapping,3,0,0,0,0,0,0,0,0,0,0,0,0,0,,,,
1430498940.86745,pg_catalog,pg_inherits,3,0,84,0,0,0,0,0,0,0,0,0,2,82,,,,
1430498940.86745,pg_toast,pg_toast_3596,0,0,0,0,0,0,0,0,0,0,0,0,0,0,,,,
1430498940.86745,pg_catalog,pg_rewrite,3,327,72,72,0,0,0,0,109,0,27,89,2,122,51,103,8,282
1430498940.86745,public,order_line,4,2274320,780823,8919965,4752384,3709516,0,2282124,4577675,683607,112619,15728458,34709,19360736,,,,
1430498940.86745,pg_catalog,pg_foreign_data_wrapper,3,0,0,0,0,0,0,0,0,0,0,0,0,0,,,,
1430498940.86745,pg_catalog,pg_largeobject_metadata,2,0,0,0,0,0,0,0,0,0,0,0,0,0,,,,
1430498940.86745,pg_catalog,pg_opclass,19,400,980,13302,0,0,0,0,128,0,9,4783,12,1215,,,,
1430498940.86745,pg_catalog,pg_attrdef,3,0,0,0,0,0,0,0,0,0,0,0,0,0,0,0,0,0
1430498940.86745,pg_catalog,pg_default_acl,3,0,59,0,0,0,0,0,0,0,0,0,2,57,,,,
1430498940.86745,pg_catalog,pg_aggregate,2,266,52,52,0,0,0,0,133,0,5,53,2,82,,,,
1430498940.86745,pg_toast,pg_toast_12329,0,0,0,0,0,0,0,0,0,0,0,0,0,0,,,,
1430498940.86745,pg_catalog,pg_ts_dict,3,48,0,0,0,0,0,0,16,0,2,2,0,0,,,,
1430498940.86745,public,district,137134,2559580,1516658,1516658,20,779964,0,776762,20,427,159,8922002,2,1520094,,,,
1430498940.86745,public,warehouse,45666,69106,1126640,1126640,2,381225,0,373537,2,1213,109,9668774,2,1134559,,,,
1430498940.86745,pg_catalog,pg_index,112,6704,4582,5456,27,0,17,0,123,17,13,4886,12,4934,,,,
1430498940.86745,pg_catalog,pg_tablespace,27,54,2922,2922,0,0,0,0,2,0,21,2932,47,5821,,,,
1430498940.86745,pg_toast,pg_toast_2619,0,0,4377,13273,628,0,567,0,69,55,75,8283,4,5107,,,,
1430498940.86745,pg_catalog,pg_constraint,5,50,8,0,8,0,0,0,10,0,6,33,8,64,0,0,0,0
1430498940.86745,pg_toast,pg_toast_2618,0,0,112,353,0,0,0,0,0,0,51,103,4,141,,,,
1430498940.86745,pg_catalog,pg_cast,3,594,6190,1348,0,0,0,0,198,0,6,1350,6,6294,,,,
1430498940.86745,pg_catalog,pg_ts_config,3,48,0,0,0,0,0,0,16,0,2,2,0,0,,,,
1430498940.86745,pg_catalog,pg_ts_parser,3,3,0,0,0,0,0,0,1,0,2,2,0,0,,,,
1430498940.86745,pg_toast,pg_toast_2620,0,0,0,0,0,0,0,0,0,0,0,0,0,0,,,,
1430498940.86745,pg_toast,pg_toast_2396,0,0,0,0,0,0,0,0,0,0,0,0,0,0,,,,
1430498940.86745,pg_catalog,pg_largeobject,2,0,0,0,0,0,0,0,0,0,0,0,0,0,,,,
1430498940.86745,pg_catalog,pg_enum,4,0,0,0,0,0,0,0,0,0,0,0,0,0,,,,
1430498940.86745,pg_catalog,pg_foreign_table,2,0,0,0,0,0,0,0,0,0,0,0,0,0,,,,
1430498940.86745,pg_catalog,pg_collation,3,1806,0,0,0,0,0,0,602,0,38,38,0,0,,,,
1430498940.86745,pg_catalog,pg_am,183,195,0,0,0,0,0,0,5,0,3,181,0,0,,,,
1430498940.86745,pg_catalog,pg_proc,3,8073,1809,2455,6,0,0,0,2691,0,168,2224,33,3843,0,0,0,0
1430498940.86745,pg_catalog,pg_shdepend,12,12,1362,341,0,0,0,0,1,0,9,348,36,1416,,,,
1430498940.86745,public,new_order,4,72000,710000,677331,416739,0,320360,0,92383,9112,925,4190389,1202,5696957,,,,
1430498940.86745,pg_catalog,pg_language,4,16,10,10,0,0,0,0,4,0,2,13,4,18,,,,
1430498940.86745,pg_catalog,pg_range,2,12,2,0,0,0,0,0,6,0,2,1,2,2,,,,
1430498940.86745,pg_catalog,pg_attribute,92,8204,11943,53036,1401,20,1219,3,2491,0,148,19875,48,29819,,,,
1430498940.86745,pg_catalog,pg_database,1403,5460,55909,55899,5,0,4,0,4,0,4,57319,84,65390,,,,
1430498940.86745,pg_catalog,pg_conversion,4,528,0,0,0,0,0,0,132,0,6,9,0,0,,,,
1430498940.86745,pg_catalog,pg_type,3,1093,3096,2737,173,0,151,0,361,0,30,3142,20,6890,,,,
1430498940.86745,pg_catalog,pg_trigger,4,0,0,0,0,0,0,0,0,0,0,0,0,0,0,0,0,0
1430498940.86745,information_schema,sql_implementation_info,1,12,,,0,0,0,0,12,0,2,0,,,0,0,0,0
1430498940.86745,information_schema,sql_languages,1,4,,,0,0,0,0,4,0,2,0,,,0,0,0,0
1430498940.86745,pg_toast,pg_toast_12309,0,0,0,0,0,0,0,0,0,0,0,0,0,0,,,,
1430498940.86745,pg_toast,pg_toast_12334,0,0,0,0,0,0,0,0,0,0,0,0,0,0,,,,
1430498940.86745,public,orders,6,360000,745232,1229013,458739,355000,0,284211,454841,16955,4909,2209522,5509,5080764,,,,
1430498940.86745,pg_catalog,pg_amop,4,1744,1198,1477,0,0,0,0,436,0,12,1485,23,2581,,,,
1430498940.86745,pg_toast,pg_toast_1255,0,0,0,0,0,0,0,0,0,0,0,0,0,0,,,,
1430498940.86745,pg_toast,pg_toast_12314,0,0,0,0,0,0,0,0,0,0,0,0,0,0,,,,
1430498940.86745,pg_toast,pg_toast_12324,0,0,0,0,0,0,0,0,0,0,0,0,0,0,,,,
1430498940.86745,pg_catalog,pg_amproc,19,1064,733,1047,0,0,0,0,344,0,9,739,9,1626,,,,
1430498940.86745,pg_toast,pg_toast_2964,0,0,0,0,0,0,0,0,0,0,0,0,0,0,,,,
1430498940.86745,pg_catalog,pg_ts_template,3,15,0,0,0,0,0,0,5,0,2,2,0,0,,,,
1430498940.86745,public,history,1,60000,,,441225,0,0,0,441218,0,10842,407804,,,,,,
1430498940.86745,pg_catalog,pg_db_role_setting,12,0,19144,0,0,0,0,0,0,0,0,0,21,19123,0,0,0,0
1430498940.86745,pg_toast,pg_toast_2609,0,0,0,0,0,0,0,0,0,0,0,0,0,0,,,,
1430498940.86745,information_schema,sql_parts,1,9,,,0,0,0,0,9,0,2,0,,,0,0,0,0
1430498940.86745,pg_catalog,pg_class,253,42189,17043,15296,122,324,101,68,316,0,34,18573,33,24780,,,,
1430498940.86745,pg_catalog,pg_seclabel,2,0,252,0,0,0,0,0,0,0,0,0,2,250,0,0,0,0
1430498940.86745,pg_catalog,pg_ts_config_map,2,608,0,0,0,0,0,0,304,0,4,2,0,0,,,,
1430498940.86745,information_schema,sql_sizing,1,23,,,0,0,0,0,23,0,2,0,,,0,0,0,0
1430498940.86745,pg_toast,pg_toast_12339,0,0,0,0,0,0,0,0,0,0,0,0,0,0,,,,
1430498940.86745,information_schema,sql_packages,1,10,,,0,0,0,0,10,0,2,0,,,0,0,0,0
1430498940.86745,public,item,4,400000,4187788,4183806,100000,0,0,0,100000,0,3845,4190327,276,8395057,,,,
1430498940.86745,pg_toast,pg_toast_2606,0,0,0,0,0,0,0,0,0,0,0,0,0,0,,,,
1430498940.86745,pg_catalog,pg_pltemplate,8,64,0,0,0,0,0,0,8,0,8,4,0,0,,,,
1430498940.86745,pg_catalog,pg_auth_members,12,0,0,0,0,0,0,0,0,0,0,0,0,0,,,,
1430498940.86745,pg_catalog,pg_depend,3,20120,2731,2507,348,0,256,0,6672,256,103,3172,39,6884,,,,
1430498940.86745,pg_toast,pg_toast_2604,0,0,0,0,0,0,0,0,0,0,0,0,0,0,,,,
1430498940.86745,pg_catalog,pg_shseclabel,8,0,4,0,0,0,0,0,0,0,0,0,4,0,,,,
1430498940.86745,public,customer,6,360000,1801453,4468006,60000,736225,0,700419,60000,8626,33366,5717144,811,5655228,,,,
1430498940.86745,information_schema,sql_features,1,672,,,0,0,0,0,672,0,14,0,,,0,0,0,0
1430498940.86745,pg_toast,pg_toast_12319,0,0,0,0,0,0,0,0,0,0,0,0,0,0,,,,
1430498940.86745,public,stock,4,800000,9509564,8419214,200000,4183804,0,0,199168,187288,59452,13991584,1562,41222478,,,,
1430498940.86745,pg_catalog,pg_description,2,7372,252,0,0,0,0,0,3686,0,64,32,6,501,0,0,0,0
1430498940.86745,pg_catalog,pg_namespace,25,150,1634,1492,0,0,0,0,6,0,3,1515,12,1810,,,,
1430498940.86745,information_schema,sql_sizing_profiles,1,0,,,0,0,0,0,0,0,0,0,,,0,0,0,0
1430498940.86745,pg_catalog,pg_foreign_server,3,0,0,0,0,0,0,0,0,0,0,0,0,0,,,,
