# hostname;interval;timestamp;DEV;tps;rd_sec/s;wr_sec/s;avgrq-sz;avgqu-sz;await;svctm;%util
ECSPGSQL;60;1430498400;dasda;4.83;0.00;304.85;63.06;0.08;16.48;0.48;0.23
ECSPGSQL;60;1430498400;dasdb;0.00;0.00;0.00;0.00;0.00;0.00;0.00;0.00
ECSPGSQL;60;1430498400;sda;808.20;18.00;31642.47;39.17;0.49;0.61;0.37;29.95
ECSPGSQL;60;1430498400;vgsys-swap;0.00;0.00;0.00;0.00;0.00;0.00;0.00;0.00
ECSPGSQL;60;1430498400;vgsys-postgreSQL;3957.63;18.00;31643.01;8.00;11.56;2.92;0.08;29.95
ECSPGSQL;60;1430498460;dasda;5.12;0.00;415.40;81.20;0.06;10.98;0.49;0.25
ECSPGSQL;60;1430498460;dasdb;0.00;0.00;0.00;0.00;0.00;0.00;0.00;0.00
ECSPGSQL;60;1430498460;sda;865.79;12.53;26439.46;30.55;0.35;0.40;0.35;30.33
ECSPGSQL;60;1430498460;vgsys-swap;0.00;0.00;0.00;0.00;0.00;0.00;0.00;0.00
ECSPGSQL;60;1430498460;vgsys-postgreSQL;3306.43;12.53;26438.93;8.00;5.10;1.54;0.09;30.38
ECSPGSQL;60;1430498520;dasda;5.47;0.13;466.40;85.34;0.15;26.74;0.91;0.50
ECSPGSQL;60;1430498520;dasdb;0.00;0.00;0.00;0.00;0.00;0.00;0.00;0.00
ECSPGSQL;60;1430498520;sda;840.95;12.13;25952.27;30.88;0.34;0.40;0.35;29.33
ECSPGSQL;60;1430498520;vgsys-swap;0.00;0.00;0.00;0.00;0.00;0.00;0.00;0.00
ECSPGSQL;60;1430498520;vgsys-postgreSQL;3245.55;12.13;25952.27;8.00;6.97;2.15;0.09;29.60
ECSPGSQL;60;1430498580;dasda;4.60;0.00;364.67;79.28;0.09;19.53;0.54;0.25
ECSPGSQL;60;1430498580;dasdb;0.00;0.00;0.00;0.00;0.00;0.00;0.00;0.00
ECSPGSQL;60;1430498580;sda;846.25;2.27;30891.47;36.51;0.39;0.46;0.35;29.50
ECSPGSQL;60;1430498580;vgsys-swap;0.00;0.00;0.00;0.00;0.00;0.00;0.00;0.00
ECSPGSQL;60;1430498580;vgsys-postgreSQL;3861.72;2.27;30891.47;8.00;19.54;5.06;0.08;29.70
ECSPGSQL;60;1430498640;dasda;5.08;0.00;415.13;81.68;0.06;12.62;0.52;0.27
ECSPGSQL;60;1430498640;dasdb;0.00;0.00;0.00;0.00;0.00;0.00;0.00;0.00
ECSPGSQL;60;1430498640;sda;850.87;0.13;35868.02;42.15;0.41;0.48;0.35;29.86
ECSPGSQL;60;1430498640;vgsys-swap;0.00;0.00;0.00;0.00;0.00;0.00;0.00;0.00
ECSPGSQL;60;1430498640;vgsys-postgreSQL;4483.52;0.13;35868.02;8.00;26.70;5.96;0.07;29.93
ECSPGSQL;60;1430498700;dasda;5.82;0.00;449.62;77.27;0.12;19.80;0.54;0.32
ECSPGSQL;60;1430498700;dasdb;0.00;0.00;0.00;0.00;0.00;0.00;0.00;0.00
ECSPGSQL;60;1430498700;sda;843.03;0.00;35935.58;42.63;0.42;0.50;0.36;29.99
ECSPGSQL;60;1430498700;vgsys-swap;0.00;0.00;0.00;0.00;0.00;0.00;0.00;0.00
ECSPGSQL;60;1430498700;vgsys-postgreSQL;4491.95;0.00;35935.58;8.00;29.37;6.54;0.07;30.08
ECSPGSQL;60;1430498760;dasda;5.82;0.00;472.00;81.15;0.12;20.17;0.54;0.32
ECSPGSQL;60;1430498760;dasdb;0.00;0.00;0.00;0.00;0.00;0.00;0.00;0.00
ECSPGSQL;60;1430498760;sda;826.35;0.13;35295.07;42.71;0.41;0.50;0.37;30.25
ECSPGSQL;60;1430498760;vgsys-swap;0.00;0.00;0.00;0.00;0.00;0.00;0.00;0.00
ECSPGSQL;60;1430498760;vgsys-postgreSQL;4411.90;0.13;35295.07;8.00;26.60;6.03;0.07;30.37
ECSPGSQL;60;1430498820;dasda;4.58;0.00;344.74;75.23;0.07;16.25;0.55;0.25
ECSPGSQL;60;1430498820;dasdb;0.00;0.00;0.00;0.00;0.00;0.00;0.00;0.00
ECSPGSQL;60;1430498820;sda;857.36;0.13;34798.87;40.59;0.40;0.47;0.34;29.11
ECSPGSQL;60;1430498820;vgsys-swap;0.00;0.00;0.00;0.00;0.00;0.00;0.00;0.00
ECSPGSQL;60;1430498820;vgsys-postgreSQL;4349.88;0.13;34798.87;8.00;28.20;6.48;0.07;29.35
ECSPGSQL;60;1430498880;dasda;5.07;0.00;428.27;84.53;0.06;11.38;0.53;0.27
ECSPGSQL;60;1430498880;dasdb;0.00;0.00;0.00;0.00;0.00;0.00;0.00;0.00
ECSPGSQL;60;1430498880;sda;869.03;0.00;36107.33;41.55;0.43;0.49;0.36;31.35
ECSPGSQL;60;1430498880;vgsys-swap;0.00;0.00;0.00;0.00;0.00;0.00;0.00;0.00
ECSPGSQL;60;1430498880;vgsys-postgreSQL;4513.48;0.00;36107.87;8.00;27.81;6.16;0.07;31.65
ECSPGSQL;60;1430498940;dasda;7.87;96.53;457.73;70.46;0.09;11.12;0.78;0.62
ECSPGSQL;60;1430498940;dasdb;0.00;0.00;0.00;0.00;0.00;0.00;0.00;0.00
ECSPGSQL;60;1430498940;sda;1111.13;0.13;58309.20;52.48;1.69;1.52;0.28;31.05
ECSPGSQL;60;1430498940;vgsys-swap;0.00;0.00;0.00;0.00;0.00;0.00;0.00;0.00
ECSPGSQL;60;1430498940;vgsys-postgreSQL;7288.60;0.13;58308.67;8.00;50.01;6.86;0.04;31.28
